pk_teuna_fikt,sug_tik,THUM_GEOGRAFI,SUG_DEREH,SEMEL_YISHUV,REHOV1,REHOV2,BAYIT,ZOMET_IRONI,KVISH1,KVISH2,KM,ZOMET_LO_IRONI,YEHIDA,SHNAT_TEUNA,HODESH_TEUNA,SHAA,SUG_YOM,YOM_LAYLA,YOM_BASHAVUA,HUMRAT_TEUNA,SUG_TEUNA,HAD_MASLUL,RAV_MASLUL,MEHIRUT_MUTERET,TKINUT,ROHAV,SIMUN_TIMRUR,TEURA,MEZEG_AVIR,PNE_KVISH,SUG_EZEM,MERHAK_EZEM,LO_HAZA,OFEN_HAZIYA,MEKOM_HAZIYA,KIVUN_HAZIYA,MAHOZ,NAFA,EZOR_TIVI,MAAMAD_MINIZIPALI,ZURAT_ISHUV,STATUS_IGUN,X,Y
2023096257,1,1,1,8600,1505,1619,,160223,,,,,20,2024,1,39,4,1,7,3,1,3,0,1,0,1,3,1,9,9,9,9,9,4,3,9,5,51,512,0,14,1,184053,663193
2024000009,1,1,2,3000,5403,,41,,,,,,61,2024,10,55,4,1,1,3,1,3,0,1,0,3,3,1,1,1,9,9,6,8,0,9,1,11,111,0,12,1,221817,628497
2024000034,1,1,2,7900,148,,2,,,,,,51,2024,3,53,4,1,2,3,15,1,0,1,1,0,3,1,1,1,9,9,9,0,0,9,4,42,422,0,13,3,190310,668268
2024000069,1,1,4,0,,,,,2411,0,10,,34,2024,12,51,4,1,6,2,11,9,0,0,0,0,5,11,9,9,9,9,9,0,0,9,6,62,622,99,99,3,168970,580206
2024000076,1,1,4,0,,,,,2,0,473,,51,2024,9,9,4,5,7,3,3,0,2,5,1,3,5,3,1,1,9,9,9,0,0,9,4,41,411,99,99,1,188598,695708
2024000077,1,1,1,6200,311,508,,8000033,,,,,20,2024,1,93,4,5,1,3,2,0,3,1,1,3,3,3,1,1,9,9,9,0,0,9,5,51,513,0,14,1,176340,656873
2024000094,1,1,2,6700,134,,9999,,,,,,12,2024,10,77,4,5,3,3,11,9,0,0,0,0,5,6,9,9,9,9,9,0,0,9,2,22,221,0,16,3,249293,745242
2024000096,1,1,1,5000,3004,2199,,130743,,,,,20,2024,11,65,4,1,7,2,4,3,0,1,1,2,3,1,1,1,9,9,9,0,0,9,5,51,511,0,13,1,176793,660157
2024000097,1,1,3,0,,,,,4,781,2185,8013,12,2024,10,64,4,1,3,3,2,0,3,3,1,5,3,1,1,1,9,9,9,0,0,9,3,31,311,99,99,1,207561,746985
2024000100,1,1,1,3000,3003,3001,,26410713,,,,,61,2024,9,33,4,1,6,3,1,3,0,6,1,3,5,11,9,1,9,9,9,3,3,1,1,11,111,0,12,1,222619,638362
2024000101,1,1,1,7200,240,258,,17810184,,,,,52,2024,7,32,4,1,2,3,1,0,3,1,1,3,3,1,1,1,9,9,9,3,3,1,4,44,442,0,15,1,180184,648399
2024000104,1,1,4,0,,,,,4,0,1360,,51,2024,12,61,4,1,4,2,17,0,3,4,1,2,3,1,1,1,9,9,9,0,0,9,4,41,411,99,99,1,189215,681807
2024000130,1,1,1,7900,229,326,,8980032,,,,,51,2024,5,25,2,5,2,3,2,3,0,1,1,4,3,6,1,1,9,9,9,0,0,9,4,42,422,0,13,1,189686,664997
2024000141,1,1,2,2560,126,,2,,,,,,34,2024,8,91,4,5,4,2,13,9,0,0,0,0,5,6,9,9,9,9,9,0,0,9,6,62,623,0,16,1,220466,573595
2024000160,1,1,3,0,,,,,4,57,1466,345,51,2024,5,52,4,1,1,3,2,0,3,4,1,5,5,1,1,1,9,9,9,0,0,9,4,41,411,99,99,1,191190,692220
2024000172,1,1,2,509,9000,,1,,,,,,14,2024,7,78,4,1,4,2,1,3,0,1,1,0,5,1,1,9,9,9,9,3,3,9,2,23,237,99,26,2,232358,739062
2024000210,1,1,2,3000,1121,,9999,,,,,,61,2024,1,62,4,1,3,3,9,1,0,1,1,2,3,1,1,1,9,9,9,0,0,9,1,11,111,0,12,3,218016,630940
2024000218,1,1,1,2630,147,125,,7300004,,,,,38,2024,6,49,4,1,6,3,2,0,3,1,1,3,3,1,1,1,9,9,9,0,0,9,6,61,612,0,15,1,179144,613123
2024000223,1,1,1,6500,606,611,,170007,,,,,12,2024,8,85,4,5,1,3,2,0,3,1,1,3,3,3,1,1,9,9,9,0,0,9,3,32,324,0,14,1,192865,705048
2024000246,1,1,3,0,,,,,4,653,1687,373,12,2024,3,76,4,5,6,3,2,0,3,5,1,3,3,6,1,1,9,9,9,0,0,9,3,32,324,99,99,1,193667,713734
2024000266,1,1,2,7400,661,,11,,,,,,51,2024,5,3,4,5,1,3,12,3,0,1,1,2,3,6,1,1,9,9,9,0,0,9,4,41,411,0,13,1,186013,688427
2024000272,1,1,2,1290,,,9999,,,,,,51,2024,2,75,4,5,6,3,2,3,0,1,1,3,2,3,1,1,9,9,9,0,0,9,4,41,412,99,28,2,203505,696817
2024000277,1,1,1,3000,239,4286,,92870604,,,,,61,2024,2,63,4,1,5,3,2,0,3,1,0,5,3,1,1,1,9,9,9,0,0,9,1,11,111,0,12,1,221552,633013
2024000283,1,1,2,8600,1011,,9999,,,,,,20,2024,12,70,4,5,5,2,4,9,0,0,0,0,5,6,9,9,9,9,9,0,0,9,5,51,512,0,14,3,183641,664777
2024000285,1,1,3,0,,,,,75,77,327,3698,14,2024,1,53,4,1,2,3,2,0,3,5,1,5,3,1,1,1,9,9,9,0,0,9,2,23,235,99,99,1,214907,734857
2024000298,1,1,3,0,,,,,57,562,85,10765,51,2024,11,55,4,1,1,3,2,0,2,3,1,4,3,1,1,1,9,9,9,0,0,9,4,41,411,99,99,1,195903,691407
2024000328,1,1,4,0,,,,,22,0,110,,12,2024,5,24,4,5,6,1,3,1,0,5,1,2,3,6,1,1,9,9,9,0,0,9,3,31,311,99,99,1,209642,748898
2024000365,1,1,1,3000,4805,4809,,26040735,,,,,61,2024,1,53,4,1,5,3,1,3,0,1,1,2,3,1,1,1,9,9,9,3,3,1,1,11,111,0,12,1,223261,636257
2024000372,1,1,2,1200,732,,9999,,,,,,52,2024,3,64,4,1,2,2,10,3,0,1,3,3,4,1,1,1,9,9,9,0,0,9,4,43,431,0,15,3,198648,645089
2024000382,1,1,2,2300,117,,22,,,,,,12,2024,11,67,4,5,2,3,1,3,0,1,1,4,3,10,5,1,9,9,9,3,3,1,3,31,311,99,17,1,212141,735821
2024000390,1,1,4,0,,,,,4,0,996,,52,2024,3,36,4,1,6,2,3,0,3,7,1,5,3,1,1,1,9,9,9,0,0,9,4,44,442,99,99,1,176649,650709
2024000394,1,1,2,4000,1082,,9999,,,,,,11,2024,10,80,4,5,7,3,5,3,0,1,1,2,3,3,1,1,9,9,9,0,0,9,3,31,311,0,13,3,196200,743881
2024000400,1,1,3,0,,,,,6,65,1850,4203,12,2024,8,70,4,1,5,2,2,0,2,5,0,3,3,1,1,1,9,9,9,0,0,9,3,32,324,99,99,1,203485,709847
2024000401,1,1,1,70,724,728,,8870052,,,,,38,2024,8,86,4,5,1,3,2,0,3,1,1,4,3,3,1,1,9,9,9,0,0,9,6,61,613,0,13,1,166594,632486
2024000412,1,1,2,31,194,,9999,,,,,,34,2024,4,46,4,1,1,3,8,3,0,1,1,1,3,1,1,1,1,9,9,0,0,9,6,62,622,0,16,3,164105,580588
2024000428,1,1,2,1139,135,,9999,,,,,,12,2024,4,52,4,1,2,3,2,3,0,1,1,3,3,1,1,1,9,9,9,0,0,9,2,24,242,0,16,3,230457,758595
2024000449,1,1,1,7100,496,1035,,10800341,,,,,38,2024,12,43,4,1,6,2,17,0,4,1,1,2,5,1,1,9,9,9,9,0,0,9,6,61,614,0,14,1,161755,620861
2024000452,1,1,4,0,,,,,20,0,160,,20,2024,11,78,4,5,3,2,3,9,0,0,0,0,5,6,9,9,9,9,9,0,0,9,5,51,511,99,99,1,180623,664360
2024000460,1,1,1,7400,877,847,,10220113,,,,,51,2024,11,38,4,1,5,3,1,1,0,1,1,2,3,1,1,1,9,9,9,3,3,9,4,41,411,0,13,1,188391,690398
2024000475,1,1,1,3000,1747,1737,,260534,,,,,61,2024,2,61,4,1,1,3,2,3,0,1,1,2,3,1,1,1,9,9,9,0,0,9,1,11,111,0,12,1,221244,628526
2024000484,1,1,1,6900,309,374,,12540003,,,,,51,2024,10,61,4,1,6,3,2,0,3,2,1,3,3,1,1,1,9,9,9,0,0,9,4,42,421,0,14,1,192344,676715
2024000497,1,2,4,0,,,,,60,0,687,,43,2024,1,40,4,1,4,2,2,0,2,5,1,3,3,1,9,1,9,9,9,0,0,9,7,77,777,99,99,1,212590,615604
2024000500,1,1,2,8600,803,,3,,,,,,20,2024,7,45,4,1,5,3,1,1,0,1,1,0,4,1,1,1,9,9,9,1,2,2,5,51,512,0,14,1,182950,665661
2024000507,1,1,4,0,,,,,6,0,1800,,12,2024,10,15,4,5,3,2,3,0,2,8,1,5,4,3,1,1,9,9,9,0,0,9,3,32,324,99,99,1,203060,704856
2024000508,1,1,1,7900,141,1018,,17200001,,,,,51,2024,10,58,4,1,3,3,2,1,0,1,1,3,3,1,1,1,9,9,9,0,0,9,4,42,422,0,13,1,187371,667667
2024000515,1,1,1,6700,217,309,,8540001,,,,,12,2024,10,79,4,5,7,2,1,9,0,0,0,0,5,6,9,9,9,9,9,1,1,1,2,22,221,0,16,1,250741,743492
2024000524,1,2,2,3797,216,,21,,,,,,43,2024,6,39,4,1,5,3,1,0,2,1,1,2,3,1,1,1,9,9,9,3,3,9,7,77,777,0,15,3,203959,648056
2024000535,1,1,4,0,,,,,1,0,543,,61,2024,6,29,4,1,6,2,11,3,0,6,1,2,5,11,9,5,9,9,9,0,0,9,1,11,111,99,99,1,216507,634110
2024000544,1,1,1,70,402,401,,8330071,,,,,38,2024,12,56,4,1,1,3,2,0,5,1,1,4,3,1,1,1,9,9,9,0,0,9,6,61,613,0,13,1,165432,632816
2024000557,1,1,1,3000,4805,4827,,92872446,,,,,61,2024,7,42,4,1,5,3,2,1,0,7,1,2,4,11,9,1,9,9,9,0,0,9,1,11,111,0,12,1,222945,636341
2024000560,1,1,2,70,580,,9999,,,,,,38,2024,12,1,4,5,1,2,8,0,4,1,1,3,4,3,9,1,1,9,9,0,0,9,6,61,613,0,13,3,166875,632632
2024000604,1,1,1,4000,607,1206,,18290001,,,,,11,2024,2,43,4,1,5,3,2,0,4,1,1,2,3,1,9,1,9,9,9,0,0,9,3,31,311,0,13,1,199249,743382
2024000615,1,1,2,6600,796,,9999,,,,,,20,2024,7,2,4,5,4,1,4,1,0,1,1,4,3,3,1,1,9,9,9,0,0,9,5,51,513,0,14,3,178052,656515
2024000619,1,1,1,4000,559,592,,16870323,,,,,11,2024,6,43,4,1,4,3,2,3,0,1,1,4,3,1,1,1,9,9,9,0,0,9,3,31,311,0,13,1,196368,746533
2024000621,1,1,1,2500,173,257,,15410001,,,,,11,2024,7,43,4,1,6,3,2,3,0,1,1,3,3,1,1,1,9,9,9,0,0,9,3,31,311,0,16,1,203509,742988
2024000623,1,1,2,4000,554,,22,,,,,,11,2024,5,44,4,1,3,3,1,3,0,1,1,2,3,1,1,1,9,9,9,3,3,1,3,31,311,0,13,1,196435,747307
2024000652,1,1,3,0,,,,,3,4106,2573,143,52,2024,4,27,4,5,2,3,2,0,3,4,1,4,3,6,1,1,9,9,9,0,0,9,4,44,441,99,99,1,186741,635291
2024000658,1,1,1,4000,110,239,,30111,,,,,12,2024,6,36,4,1,2,3,2,0,3,1,1,1,3,1,1,1,9,9,9,0,0,9,3,31,311,0,13,1,205511,748542
2024000680,1,1,2,2650,221,,63,,,,,,20,2024,12,79,4,5,3,3,1,3,0,1,1,0,3,3,1,1,9,9,7,8,0,9,5,51,511,0,16,1,185446,672311
2024000686,1,1,4,0,,,,,471,0,55,,51,2024,2,45,4,1,1,2,4,0,2,7,1,5,3,1,1,1,9,9,9,0,0,9,4,42,422,99,99,1,190148,663991
2024000691,1,1,1,5000,2621,3281,,25230923,,,,,20,2024,1,49,4,1,5,3,1,3,0,0,1,2,3,1,2,9,9,9,9,4,3,9,5,51,511,0,13,1,181479,662450
2024000695,1,1,1,70,500,502,,10150149,,,,,38,2024,8,67,4,1,5,3,2,0,3,2,1,2,3,1,1,1,9,9,9,0,0,9,6,61,613,0,13,1,167945,636229
2024000719,1,1,1,8400,521,502,,9080009,,,,,52,2024,2,59,4,1,5,3,1,0,3,1,1,2,3,1,1,1,9,9,9,3,3,9,4,44,441,0,14,1,182637,645552
2024000736,1,1,1,8600,411,201,,97710244,,,,,20,2024,8,72,4,1,3,3,1,1,0,1,1,2,3,1,1,1,9,9,9,3,3,9,5,51,512,0,14,1,183032,666821
2024000764,1,1,4,0,,,,,781,0,23,,12,2024,4,80,4,5,3,1,10,0,2,3,1,3,3,3,1,1,9,9,9,0,0,9,3,31,311,99,99,1,208169,746721
2024000769,1,1,4,0,,,,,65,0,207,,12,2024,6,72,4,1,4,2,2,0,2,5,1,3,3,1,1,1,9,9,9,0,0,9,3,32,323,99,99,1,208306,712099
2024000775,1,1,2,9000,949,,9999,,,,,,34,2024,5,74,4,1,2,2,11,9,0,0,0,0,5,11,9,9,9,9,9,0,0,9,6,62,623,0,13,3,179368,572097
2024000784,1,1,2,7400,407,,9999,,,,,,51,2024,7,65,4,1,6,3,2,1,0,1,1,2,3,1,1,1,9,9,9,0,0,9,4,41,411,0,13,3,186985,692550
2024000790,1,1,4,0,,,,,4,0,2341,,12,2024,6,74,4,1,6,3,3,3,0,4,1,2,3,1,1,1,9,9,9,0,0,9,2,24,246,99,99,1,208830,761887
2024000796,1,1,4,0,,,,,65,0,705,,12,2024,4,48,4,1,6,2,2,9,0,0,0,0,5,11,9,9,9,9,9,0,0,9,2,22,222,99,99,1,238456,742274
2024000799,1,1,4,0,,,,,431,0,138,,52,2024,1,47,4,1,2,1,17,0,2,5,1,4,3,1,1,1,9,9,6,0,0,9,4,44,442,99,99,1,181015,650864
2024000805,1,1,1,7400,1025,1024,,10410001,,,,,51,2024,7,76,4,1,3,2,5,0,4,1,1,4,3,1,1,1,9,9,9,0,0,9,4,41,411,0,13,1,187322,688283
2024000808,1,1,2,5000,361,,9999,,,,,,20,2024,2,88,4,5,5,3,2,1,0,1,1,3,3,6,1,1,9,9,9,0,0,9,5,51,511,0,13,3,184809,668575
2024000819,1,1,4,0,,,,,25,0,1408,,34,2024,6,69,4,1,2,1,3,0,2,5,1,3,5,1,1,1,9,9,9,0,0,9,6,62,626,99,99,1,201885,552294
2024000824,1,1,4,0,,,,,8721,0,9,,12,2024,5,25,4,1,7,1,8,3,0,3,1,2,3,1,3,1,6,2,9,0,0,9,2,24,245,99,99,1,214850,765830
2024000828,1,1,4,0,,,,,20,0,30,,52,2024,10,34,4,1,2,2,3,9,0,0,0,0,5,11,9,9,9,9,9,0,0,9,4,44,442,99,99,1,177083,653565
2024000834,1,1,3,0,,,,,5,40,105,4021,51,2024,5,57,4,1,7,3,2,0,4,5,1,4,3,1,1,1,9,9,9,0,0,9,4,42,422,99,99,1,191061,669819
2024000839,1,1,4,0,,,,,75,0,399,,12,2024,6,50,4,1,1,1,3,1,0,5,1,3,3,1,1,1,9,9,9,0,0,9,3,31,311,99,99,1,208871,737260
2024000848,1,1,3,0,,,,,20,0,60,8062,20,2024,12,4,4,5,4,3,2,3,0,1,1,0,3,3,1,1,9,9,9,0,0,9,5,51,513,99,99,1,177427,656553
2024000887,1,1,2,3000,4328,,5,,,,,,61,2024,3,78,4,5,4,3,1,3,0,1,1,2,3,6,1,1,9,9,9,3,3,1,1,11,111,0,12,1,222476,628532
2024000920,1,1,3,0,,,,,9,6,135,4204,12,2024,5,35,4,1,3,2,2,0,3,5,1,4,3,1,1,1,9,9,9,0,0,9,3,32,324,99,99,1,202232,701977
2024000923,1,1,1,5000,2524,2604,,12280911,,,,,20,2024,7,5,4,5,4,3,2,1,0,1,1,3,3,3,1,1,9,9,9,0,0,9,5,51,511,0,13,1,180760,664424
2024000943,1,2,4,0,,,,,3755,0,49,,43,2024,8,73,4,1,2,2,5,2,0,2,1,2,3,1,1,1,9,9,9,0,0,9,1,11,111,99,99,1,213984,626792
2024000953,1,1,1,7900,810,129,,9080032,,,,,51,2024,10,38,4,1,3,3,1,3,0,1,1,0,3,1,1,1,9,9,9,3,3,9,4,42,422,0,13,1,189168,665399
2024000956,1,1,2,7400,419,,3,,,,,,51,2024,11,32,4,1,1,3,1,0,4,1,1,5,3,1,1,1,9,9,9,3,3,1,4,41,411,0,13,1,186210,692504
2024000962,1,1,3,0,,,,,4,0,665,9054,38,2024,1,2,4,5,7,2,2,0,3,5,1,3,3,5,9,1,9,9,9,0,0,9,6,61,614,99,99,1,163077,621044
2024000965,1,1,3,0,,,,,4,5,1228,323,20,2024,11,41,4,1,3,2,4,3,0,1,1,4,5,1,1,1,9,9,9,0,0,9,5,51,511,99,99,1,186556,670189
2024000984,1,1,3,0,,,,,75,0,142,4001,14,2024,4,96,3,5,4,2,5,0,3,3,1,5,3,3,5,1,8,2,9,0,0,9,2,23,237,99,99,1,229293,733766
2024000986,1,1,1,7400,609,1020,,10090313,,,,,51,2024,2,96,4,5,3,3,2,0,3,1,1,4,3,6,1,1,9,9,9,0,0,9,4,41,411,0,13,1,186409,689464
2024001004,1,1,2,3000,4773,,9999,,,,,,61,2024,1,43,4,1,6,2,4,0,2,4,1,5,3,1,1,1,9,9,9,0,0,9,1,11,111,0,12,3,220191,634956
2024001008,1,1,4,0,,,,,6,0,1508,,51,2024,2,53,4,1,6,3,7,0,2,8,1,5,3,1,1,1,9,9,9,0,0,9,4,42,421,99,99,1,196068,677428
2024001017,1,1,2,7400,707,,9999,,,,,,51,2024,5,79,4,5,5,3,17,2,0,1,1,2,3,6,1,1,9,9,9,0,0,9,4,41,411,0,13,3,188648,691855
2024001018,1,1,4,0,,,,,40,0,1880,,34,2024,3,81,1,5,1,1,10,3,0,5,1,2,3,3,1,1,9,9,9,0,0,9,6,62,623,99,99,1,181557,579410
2024001033,1,2,2,3826,3105,,9999,,,,,,41,2024,7,79,4,5,5,3,5,3,0,1,1,2,3,10,1,1,9,9,9,0,0,9,7,77,777,99,18,2,203164,669834
2024001041,1,1,2,3000,4106,,101,,,,,,61,2024,3,59,4,1,7,3,1,3,0,1,1,4,4,1,1,1,9,9,9,3,3,1,1,11,111,0,12,2,221411,637403
2024001044,1,1,2,2600,177,,9999,,,,,,33,2024,9,82,4,5,3,3,2,0,3,1,1,2,3,3,1,1,9,9,9,0,0,9,6,62,625,0,15,3,193936,385893
2024001052,1,1,4,0,,,,,3866,0,48,,61,2024,11,66,4,1,3,2,5,2,0,3,1,2,4,1,1,1,9,9,9,0,0,9,1,11,111,99,99,1,202930,628144
2024001064,1,2,3,0,,,,,505,5,366,7147,41,2024,8,91,4,5,5,3,2,0,3,6,1,3,3,3,1,1,9,9,9,0,0,9,7,77,777,99,99,1,215793,668429
2024001072,1,2,4,0,,,,,60,0,1207,,41,2024,6,79,4,1,4,3,5,3,0,4,1,3,3,1,1,1,9,9,9,0,0,9,7,77,777,99,99,1,225783,659884
2024001076,1,1,1,70,182,232,,7940011,,,,,38,2024,6,56,4,1,1,3,1,0,2,1,1,2,3,1,1,1,9,9,9,3,3,2,6,61,613,0,13,1,167159,633515
2024001077,1,1,4,0,,,,,672,0,178,,14,2024,4,54,1,1,2,2,2,3,0,1,1,3,3,1,1,1,9,9,9,0,0,9,2,23,236,99,99,1,208132,722530
2024001081,1,1,1,7900,624,326,,9930052,,,,,51,2024,8,61,4,1,4,3,2,0,3,1,1,1,3,1,1,1,9,9,9,0,0,9,4,42,422,0,13,1,190073,665320
2024001088,1,1,1,7900,108,124,,9550014,,,,,51,2024,7,25,4,5,4,3,2,0,2,1,1,0,3,6,1,1,9,9,9,0,0,9,4,42,422,0,13,1,189695,666930
2024001114,1,1,2,5000,2604,,7,,,,,,20,2024,7,33,4,1,5,3,2,1,0,1,1,2,3,1,1,1,9,9,9,0,0,9,5,51,511,0,13,1,180894,664374
2024001117,1,1,1,4000,199,195,,340131,,,,,12,2024,8,46,4,1,6,3,2,1,0,1,1,5,3,1,1,1,9,9,9,0,0,9,3,31,311,0,13,1,206151,745871
2024001157,1,1,2,4000,958,,23,,,,,,11,2024,12,69,4,5,3,3,4,3,0,1,1,2,3,3,2,2,9,9,9,0,0,9,3,31,311,0,13,1,200383,745095
2024001168,1,1,2,4000,1390,,9999,,,,,,11,2024,9,65,4,1,3,3,5,2,0,1,1,2,3,1,1,1,9,9,9,0,0,9,3,31,311,0,13,3,201889,742728
2024001180,1,1,1,70,580,189,,8900001,,,,,38,2024,9,27,4,1,3,3,2,0,3,1,1,4,3,1,1,1,9,9,9,0,0,9,6,61,613,0,13,1,166036,633113
2024001183,1,1,3,0,,,,,444,471,166,4158,51,2024,3,65,4,1,4,2,2,0,3,4,1,5,3,1,1,1,9,9,9,0,0,9,4,42,422,99,99,1,194905,663968
2024001202,1,1,2,5000,1514,,12,,,,,,20,2024,7,37,4,1,3,3,1,3,0,1,1,0,3,1,1,1,9,9,9,0,0,9,5,51,511,0,13,1,179591,663351
2024001217,1,1,4,0,,,,,6,0,423,,34,2024,8,12,4,5,5,2,10,1,0,5,1,3,3,3,1,1,6,2,9,0,0,9,6,62,623,99,99,1,188879,581855
2024001228,1,1,2,654,,,9999,,,,,,12,2024,8,83,4,5,5,2,4,9,0,0,0,0,5,6,9,9,9,9,9,0,0,9,3,32,323,0,26,2,205020,712373
2024001230,1,1,2,2720,,,9999,,,,,,51,2024,12,67,4,5,7,3,15,3,0,1,1,2,5,6,1,1,9,9,9,0,0,9,4,41,412,0,26,2,195988,682272
2024001232,1,1,1,9000,366,969,,98340153,,,,,34,2024,3,42,4,1,4,3,2,1,0,1,1,3,3,1,1,1,9,9,9,0,0,9,6,62,623,0,13,1,179902,572685
2024001239,1,1,4,0,,,,,65,,613,,14,2024,1,67,4,5,7,2,4,2,0,1,1,3,3,6,1,1,9,9,9,0,0,9,2,22,222,99,99,1,239257,733460
2024001256,1,1,1,9500,208,221,,7530001,,,,,12,2024,9,41,4,1,1,2,2,1,0,1,0,2,3,1,1,1,9,9,9,0,0,9,3,31,311,0,16,1,209476,751788
2024001261,1,1,1,5000,2173,2412,,21270744,,,,,20,2024,8,47,4,1,7,3,2,3,0,1,1,0,5,1,1,1,9,9,9,0,0,9,5,51,511,0,13,1,178508,661167
2024001273,1,1,1,5000,198,3105,,25050114,,,,,20,2024,1,45,4,1,7,3,2,3,0,1,1,3,3,1,1,1,9,9,9,0,0,9,5,51,511,0,13,1,179842,667749
2024001321,1,1,2,5000,4562,,9999,,,,,,20,2024,2,75,4,5,1,3,11,3,0,1,1,1,5,6,9,9,9,9,9,0,0,9,5,51,511,0,13,3,179844,669871
2024001344,1,2,4,0,,,,,505,0,213,,41,2024,4,31,4,1,4,2,2,2,0,4,1,3,3,1,2,2,9,9,9,0,0,9,7,77,777,99,99,1,201243,669035
2024001374,1,1,1,3000,1527,1508,,92871079,,,,,61,2024,2,47,4,1,1,2,1,2,0,1,1,3,3,1,9,1,9,9,9,1,4,1,1,11,111,0,12,1,221083,631069
2024001379,1,1,2,7400,609,,19,,,,,,51,2024,6,16,4,5,1,3,8,0,3,1,1,3,3,3,1,2,2,2,9,0,0,9,4,41,411,0,13,1,186356,688738
2024001380,1,1,4,0,,,,,20,0,88,,20,2024,4,77,1,5,3,3,8,1,0,5,1,5,3,3,5,1,6,9,9,0,0,9,5,51,513,99,99,1,177526,659301
2024001390,1,1,1,7400,303,431,,8660021,,,,,51,2024,4,32,4,1,1,3,1,1,0,1,1,3,3,1,1,1,9,9,9,3,3,1,4,41,411,0,13,1,187041,693147
2024001407,1,2,4,0,,,,,457,0,18,,43,2024,5,66,4,1,5,2,5,3,0,4,1,3,3,1,1,1,9,9,9,0,0,9,7,77,777,99,99,1,227141,643688
2024001414,1,1,2,2560,122,,27,,,,,,34,2024,1,71,4,5,1,2,1,9,0,0,0,0,5,6,9,9,9,9,9,3,2,1,6,62,623,0,16,1,219894,574309
2024001419,1,1,2,531,,,9999,,,,,,12,2024,9,33,4,1,2,2,1,9,0,0,0,0,5,11,9,9,9,9,9,3,2,9,2,24,241,0,26,2,231961,750763
2024001422,1,1,1,6500,434,525,,9800200,,,,,12,2024,7,81,4,5,3,3,1,3,0,1,1,3,4,3,1,1,9,9,9,3,3,1,3,32,324,0,14,1,189605,705149
2024001428,1,1,2,6000,258,,9999,,,,,,12,2024,1,33,4,1,4,3,2,3,0,1,1,2,3,1,9,2,9,9,9,0,0,9,3,32,324,0,26,2,204130,702897
2024001429,1,1,2,6100,503,,186,,,,,,20,2024,4,77,4,5,2,2,11,3,0,1,1,1,3,3,1,1,9,9,9,0,0,9,5,51,512,0,13,1,185185,666642
2024001453,1,1,2,1200,305,,9999,,,,,,52,2024,11,63,4,1,4,3,4,9,0,0,0,0,5,11,9,9,9,9,9,0,0,9,4,43,431,0,15,3,199485,644709
2024001465,1,1,4,0,,,,,444,0,145,,51,2024,3,7,4,5,5,3,4,0,3,5,1,2,3,5,1,1,9,9,9,0,0,9,4,42,422,99,99,1,194894,661775
2024001477,1,1,3,0,,,,,4,0,2150,8010,12,2024,7,66,4,1,2,3,2,1,0,1,1,5,3,1,1,1,9,9,9,0,0,9,3,31,311,99,99,1,204986,744967
2024001480,1,1,1,9700,308,386,,22110001,,,,,51,2024,8,35,4,1,3,3,1,3,0,1,1,4,3,1,1,1,9,9,9,3,3,2,4,42,421,0,15,1,191278,674061
2024001487,1,1,1,2400,152,150,,8070001,,,,,20,2024,3,85,2,5,5,3,3,0,3,1,1,2,3,3,1,1,3,2,9,0,0,9,5,51,512,0,16,1,187885,659441
2024001497,1,1,2,8600,702,,1,,,,,,20,2024,10,41,4,1,1,3,1,1,0,1,1,2,3,1,1,1,9,9,9,4,2,9,5,51,512,0,14,1,182531,665703
2024001500,1,2,4,0,,,,,3555,0,9,,43,2024,11,18,4,5,5,3,8,3,0,1,1,2,3,3,1,2,5,2,9,0,0,9,7,77,777,99,99,1,211757,604177
2024001513,1,1,2,8300,209,,59,,,,,,52,2024,2,32,4,1,4,2,1,3,0,1,1,4,3,1,1,1,9,9,9,3,3,1,4,44,442,0,13,1,180560,652809
2024001529,1,1,2,4000,128,,28,,,,,,12,2024,4,33,4,1,3,3,2,3,0,1,1,0,3,1,1,1,9,9,9,0,0,9,3,31,311,0,13,3,206486,746701
2024001587,1,1,1,9000,102,1369,,8440021,,,,,34,2024,3,81,4,5,2,3,2,0,3,2,1,3,4,6,1,1,9,9,9,0,0,9,6,62,623,0,13,1,180717,572039
2024001589,1,1,2,6200,220,,24,,,,,,20,2024,7,43,4,1,6,2,12,1,0,1,1,2,3,1,1,1,9,9,9,0,0,9,5,51,513,0,14,1,176165,659392
2024001591,1,2,3,0,,,,,3530,60,0,7246,43,2024,7,4,4,5,5,3,5,0,3,4,1,2,3,6,1,1,9,9,9,0,0,9,7,77,777,99,99,1,213499,619911
2024001630,1,1,2,5000,2169,,9999,,,,,,20,2024,10,54,4,1,1,2,4,9,0,0,0,0,5,11,9,9,9,9,9,0,0,9,5,51,511,0,13,3,178101,660555
2024001636,1,1,1,3000,1321,1374,,22990414,,,,,61,2024,1,57,4,1,3,3,4,3,0,1,1,2,3,1,1,1,9,9,9,0,0,9,1,11,111,0,12,1,219643,629430
2024001639,1,1,2,3000,5271,,2,,,,,,61,2024,4,57,4,1,3,3,2,3,0,1,1,3,3,11,1,1,9,9,9,0,0,9,1,11,111,0,12,3,219837,627940
2024001642,1,1,1,9000,811,366,,8410022,,,,,34,2024,9,66,4,1,3,2,10,0,2,2,1,2,3,1,1,3,9,9,9,0,0,9,6,62,623,0,13,1,180300,572556
2024001662,1,1,4,0,,,,,8513,0,2,,12,2024,4,73,4,1,1,3,3,3,0,3,1,2,3,1,1,1,9,9,9,0,0,9,2,24,246,99,99,1,208966,755989
2024001667,1,1,1,7900,916,913,,8660022,,,,,51,2024,6,35,4,1,4,3,2,0,3,1,1,1,4,1,1,1,9,9,9,0,0,9,4,42,422,0,13,1,188372,665772
2024001668,1,2,4,0,,,,,508,0,188,,41,2024,10,37,4,1,1,2,5,3,0,4,1,3,3,1,1,1,9,9,9,0,0,9,7,77,777,99,99,1,242800,677858
2024001675,1,1,2,1258,,,39,,,,,,12,2024,3,58,4,1,4,2,2,9,0,0,0,0,5,11,9,9,9,9,9,0,0,9,2,22,222,3,37,2,239927,749921
2024001677,1,1,3,0,,,,,70,89,787,1247,12,2024,4,82,4,5,7,3,3,3,0,5,1,3,3,3,1,1,9,9,9,0,0,9,2,24,245,99,99,1,213713,769051
2024001689,1,1,1,8400,416,435,,17890144,,,,,52,2024,1,59,4,1,6,3,2,0,3,1,1,3,3,1,1,1,9,9,9,0,0,9,4,44,441,0,14,1,181701,644423
2024001691,1,1,1,8300,406,410,,20390613,,,,,52,2024,10,26,1,5,5,3,2,0,3,1,1,2,3,3,1,1,9,9,9,0,0,9,4,44,442,0,13,1,183386,653223
2024001701,1,1,1,3000,4452,4702,,92872633,,,,,61,2024,1,43,4,1,1,2,11,9,0,0,0,0,5,11,9,9,9,9,9,0,0,9,1,11,111,0,12,1,219889,634132
2024001703,1,1,2,4000,337,,28,,,,,,11,2024,9,96,4,5,5,3,7,1,0,1,1,2,3,6,1,1,9,9,9,0,0,9,3,31,311,0,13,1,200272,746802
2024001708,1,1,2,4000,912,,38,,,,,,11,2024,12,44,4,1,1,3,5,3,0,1,1,2,5,1,2,2,9,9,9,0,0,9,3,31,311,0,13,1,199801,745215
2024001718,1,1,1,3000,4283,4276,,8890111,,,,,61,2024,7,75,4,1,1,2,1,1,0,6,1,2,4,2,9,9,9,9,9,4,4,9,1,11,111,0,12,1,221932,634160
2024001722,1,1,1,7900,928,905,,11890117,,,,,51,2024,11,35,4,1,2,3,2,0,2,1,1,4,3,1,1,1,9,9,9,0,0,9,4,42,422,0,13,1,187802,666479
2024001723,1,1,1,7900,833,142,,17310001,,,,,51,2024,10,53,1,1,6,3,2,0,3,1,1,2,3,1,1,1,9,9,9,0,0,9,4,42,422,0,13,1,188725,667310
2024001725,1,1,2,1765,,,9999,,,,,,34,2024,11,92,4,5,7,3,5,0,3,1,1,2,4,3,1,1,9,9,9,0,0,9,6,62,623,41,52,2,179766,587361
2024001756,1,1,4,0,,,,,4313,0,16,,52,2024,5,54,4,1,1,3,2,0,3,2,1,5,3,1,1,1,9,9,9,0,0,9,4,44,442,99,99,1,182796,649759
2024001758,1,1,2,8700,103,,9999,,,,,,51,2024,6,32,4,1,2,2,4,9,0,0,0,0,5,11,9,9,9,9,9,0,0,9,4,42,421,0,15,3,188024,676469
2024001774,1,1,4,0,,,,,3866,0,10,,61,2024,9,95,4,5,7,2,5,2,0,2,1,2,3,5,1,1,9,9,9,0,0,9,1,11,112,99,99,1,200921,629091
2024001776,1,1,2,6200,210,,46,,,,,,20,2024,5,81,4,5,4,3,3,1,0,1,0,0,3,3,1,1,9,9,9,0,0,9,5,51,513,0,14,1,175883,659197
2024001777,1,1,1,7400,419,532,,170034,,,,,51,2024,1,56,4,1,2,3,1,0,3,1,1,3,3,1,1,1,9,9,9,2,4,1,4,41,411,0,13,1,186691,692253
2024001793,1,1,2,6000,,,9999,,,,,,12,2024,1,30,4,1,2,3,2,3,0,1,1,3,3,1,1,1,9,9,9,0,0,9,3,32,324,0,26,2,204130,702897
2024001803,1,1,2,6600,796,,9999,,,,,,20,2024,12,96,4,5,7,3,2,9,0,0,0,0,5,6,9,9,9,9,9,0,0,9,5,51,513,0,14,3,178052,656515
2024001815,1,1,1,8300,984,912,,18790316,,,,,52,2024,1,33,4,1,3,3,1,3,0,1,1,2,3,1,1,1,9,9,9,3,3,1,4,44,442,0,13,1,175338,656117
2024001825,1,1,1,7900,905,129,,99970073,,,,,51,2024,6,31,4,1,3,2,1,3,0,1,1,4,3,1,1,1,9,9,9,3,3,2,4,42,422,0,13,1,188888,666327
2024001833,1,1,4,0,,,,,2,0,337,,51,2024,5,38,4,1,4,2,3,0,2,1,1,3,3,1,1,1,9,9,9,0,0,9,4,41,411,99,99,1,184547,683280
2024001841,1,1,2,8400,351,,11,,,,,,52,2024,12,53,4,1,6,3,13,0,2,2,1,3,3,1,1,1,9,9,9,0,0,9,4,44,441,0,14,1,181538,644654
2024001879,1,1,4,0,,,,,4622,0,6,,20,2024,9,56,4,1,4,2,4,3,0,5,1,0,3,1,1,1,9,9,9,0,0,9,4,42,422,99,99,1,187580,660611
2024001884,1,1,1,4000,602,1105,,240412,,,,,11,2024,7,19,4,5,2,3,8,2,0,1,1,2,3,3,1,1,5,2,9,0,0,9,3,31,311,0,13,1,199718,742703
2024001891,1,1,1,5000,2173,3280,,21270744,,,,,20,2024,9,78,4,5,5,2,1,9,0,0,0,0,5,6,9,9,9,9,9,9,0,9,5,51,511,0,13,1,178508,661167
2024001893,1,1,1,7900,105,103,,220014,,,,,51,2024,2,87,4,5,2,3,2,0,3,1,1,3,3,3,2,2,9,9,9,0,0,9,4,42,422,0,13,1,189898,667056
2024001894,1,1,3,0,,,,,35,40,159,577,38,2024,1,25,4,5,3,2,4,9,0,0,0,0,5,6,9,9,9,9,9,0,0,9,6,61,612,99,99,1,177055,614921
2024001921,1,1,2,5000,272,,2,,,,,,20,2024,7,37,4,1,1,3,4,1,0,2,1,3,3,1,1,1,9,9,9,0,0,9,5,51,511,0,13,3,183252,668138
2024001927,1,1,1,5000,2683,2685,,80150925,,,,,20,2024,10,65,4,1,5,3,1,1,0,1,1,1,3,1,1,1,9,9,9,4,3,9,5,51,511,0,13,1,181394,663367
2024001930,1,1,1,6800,256,155,,13220012,,,,,12,2024,6,52,4,1,1,3,2,0,3,3,1,4,3,1,1,1,9,9,9,0,0,9,3,31,311,0,15,1,211021,747191
2024001938,1,1,1,3000,427,429,,10900146,,,,,61,2024,5,86,4,5,1,3,4,1,0,1,1,3,3,3,9,1,9,9,9,0,0,9,1,11,111,0,12,1,220548,631700
2024001946,1,1,1,6200,439,405,,120041,,,,,20,2024,12,47,4,1,4,3,5,3,0,1,1,2,3,1,1,1,9,9,9,0,0,9,5,51,513,0,14,1,176778,658533
2024001953,1,1,2,2630,112,,157,,,,,,38,2024,3,40,1,1,1,3,1,0,3,1,3,5,3,1,1,1,9,9,9,3,3,2,6,61,612,0,15,3,178325,613325
2024001989,1,1,1,9000,353,1120,,10070053,,,,,34,2024,5,61,4,1,6,3,2,0,3,1,1,3,3,1,1,1,9,9,9,0,0,9,6,62,623,0,13,1,178347,574448
2024002003,1,1,4,0,,,,,25,,1588,,34,2024,7,95,4,5,6,1,5,3,0,1,1,2,4,5,1,1,9,9,9,0,0,9,6,62,623,99,99,1,196158,565881
2024002021,1,1,2,6200,212,,9999,,,,,,20,2024,9,70,4,1,1,2,12,9,0,0,0,0,5,11,9,9,9,9,9,0,0,9,5,51,513,0,14,3,175456,658360
2024002028,1,1,3,0,,,,,77,79,498,1355,14,2024,1,79,4,5,3,1,2,0,2,5,1,5,3,3,1,1,9,9,9,0,0,9,2,23,237,99,99,1,222133,740398
2024002036,1,1,1,6500,602,950,,9800039,,,,,12,2024,6,37,4,1,1,3,1,0,2,1,1,2,3,1,1,1,9,9,9,3,4,2,3,32,324,0,14,1,193259,704565
2024002072,1,1,4,0,,,,,70,0,711,,12,2024,1,87,4,5,6,3,5,1,0,1,1,3,3,3,1,1,9,9,9,0,0,9,2,24,245,99,99,1,215375,762279
2024002084,1,1,2,7400,1024,,9999,,,,,,51,2024,10,51,4,1,4,3,2,0,3,1,1,3,3,1,1,1,9,9,9,0,0,9,4,41,411,0,13,3,187393,688482
2024002090,1,1,1,3000,4929,5751,,92872820,,,,,61,2024,2,33,4,1,4,3,2,3,0,1,1,2,5,1,1,9,9,9,9,0,0,9,1,11,111,0,12,1,221048,626589
2024002092,1,1,1,7600,185,130,,8170005,,,,,12,2024,6,29,4,1,2,3,1,3,0,1,1,2,3,1,1,1,9,9,9,3,3,2,2,24,246,0,15,1,208041,759902
2024002116,1,1,2,516,,,9999,,,,,,12,2024,4,45,3,1,6,2,1,9,0,0,0,0,5,11,9,9,9,9,9,0,0,9,2,24,242,99,27,2,224140,758460
2024002150,1,1,2,7100,6011,,9999,,,,,,38,2024,4,33,4,1,5,2,12,9,0,0,0,0,5,11,9,9,9,9,9,0,0,9,6,61,614,0,14,3,159332,620287
2024002171,1,1,4,0,,,,,471,0,52,,51,2024,3,65,4,1,4,3,3,0,2,5,1,4,3,1,1,1,9,9,9,0,0,9,4,42,422,99,99,1,189853,664045
2024002172,1,1,2,7400,1027,,9999,,,,,,51,2024,4,76,4,1,5,3,1,0,3,1,1,1,3,1,1,1,9,9,1,8,0,9,4,41,411,0,13,3,187297,688683
2024002187,1,1,2,4000,919,,17,,,,,,11,2024,2,64,4,1,5,3,1,0,3,1,1,3,3,1,1,1,9,9,9,3,3,2,3,31,311,0,13,1,200266,745375
2024002196,1,1,1,7600,501,503,,320006,,,,,12,2024,2,78,4,5,3,3,1,0,3,1,1,3,3,3,1,1,9,9,9,3,3,2,2,24,246,0,15,1,207508,759017
2024002200,1,1,4,0,,,,,4,0,1540,,51,2024,5,30,4,1,5,3,1,1,0,5,1,2,3,1,1,1,9,9,9,3,3,9,4,41,411,99,99,1,191242,699495
2024002225,1,1,2,634,,,9999,,,,,,51,2024,1,65,4,1,1,3,4,3,0,1,1,0,5,11,2,2,9,9,9,0,0,9,4,42,422,0,26,2,197580,669147
2024002232,1,1,3,0,,,,,431,423,160,4186,52,2024,4,51,4,1,2,2,5,0,3,2,1,0,3,1,1,1,9,9,9,0,0,9,4,44,442,99,99,1,182696,649655
2024002233,1,1,4,0,,,,,5613,0,28,,51,2024,12,85,4,5,4,1,4,3,0,4,1,0,4,4,1,1,9,9,9,0,0,9,4,41,411,99,99,1,193575,689675
2024002242,1,1,2,9500,198,,2,,,,,,12,2024,10,68,4,1,5,3,1,3,0,1,1,2,3,1,1,1,9,9,9,3,3,9,3,31,311,0,16,1,209661,751556
2024002244,1,1,2,2630,112,,9999,,,,,,38,2024,10,59,4,1,1,2,13,9,0,0,0,0,5,11,9,9,9,9,9,0,0,9,6,61,612,0,15,3,178325,613325
2024002252,1,1,1,9000,359,923,,10520063,,,,,34,2024,11,53,4,1,3,3,2,0,3,2,1,4,3,1,9,1,9,9,9,0,0,9,6,62,623,0,13,1,179188,572597
2024002280,1,1,1,5000,2157,2169,,80151401,,,,,20,2024,5,19,4,5,6,3,10,1,0,1,1,4,3,3,1,1,3,2,9,0,0,9,5,51,511,0,13,1,177594,660683
2024002300,1,1,2,3000,4762,,9999,,,,,,61,2024,9,78,4,5,6,3,4,3,0,3,1,4,3,3,1,1,9,9,9,0,0,9,1,11,111,0,12,3,222661,635751
2024002329,1,1,2,8600,1125,,10,,,,,,20,2024,2,34,4,1,3,2,1,3,0,1,0,3,5,1,9,1,9,9,9,0,0,9,5,51,512,0,14,1,184341,664388
2024002339,1,1,4,0,,,,,461,0,82,,20,2024,5,38,4,1,6,3,15,3,0,5,1,0,5,1,1,1,9,9,9,0,0,9,4,42,422,99,99,1,187950,660099
2024002341,1,1,3,0,,,,,25,80,1539,4037,34,2024,7,66,4,1,1,3,2,0,3,5,1,5,3,1,1,1,9,9,9,0,0,9,6,62,623,99,99,1,198421,562032
2024002390,1,2,2,3570,150,,19,,,,,,41,2024,2,34,4,1,2,3,1,0,3,1,1,2,3,1,2,2,9,9,9,3,3,2,7,77,777,0,16,1,219099,668069
2024002391,1,1,3,0,,,,,20,2,131,8075,20,2024,4,35,4,1,1,3,2,0,3,1,1,3,3,1,1,1,9,9,9,0,0,9,5,51,511,99,99,1,179720,661608
2024002405,1,1,1,8400,403,627,,8390010,,,,,52,2024,3,35,4,1,5,3,1,0,2,1,1,2,3,1,1,1,9,9,9,3,3,1,4,44,441,0,14,1,182588,643700
2024002434,1,1,4,0,,,,,65,0,752,,12,2024,2,57,4,1,6,1,7,3,0,5,1,2,3,1,2,2,9,9,6,0,0,9,2,22,222,99,99,1,238218,746280
2024002443,1,1,2,8600,1742,,9999,,,,,,20,2024,3,13,4,5,7,2,1,9,0,0,0,0,5,6,9,9,9,9,9,4,0,9,5,51,512,0,14,3,184820,662160
2024002456,1,1,2,5000,272,,47,,,,,,20,2024,4,69,4,1,2,2,11,1,0,1,1,2,3,1,1,1,9,9,9,0,0,9,5,51,511,0,13,1,183583,668196
2024002457,1,1,4,0,,,,,375,0,100,,61,2024,11,58,4,1,4,2,3,9,0,0,0,0,5,11,9,9,9,9,9,0,0,9,1,11,111,99,99,1,203658,624116
2024002479,1,1,2,3000,643,,15,,,,,,61,2024,10,86,4,5,2,3,4,2,0,1,1,3,4,6,1,1,9,9,9,0,0,9,1,11,111,0,12,1,220212,632061
2024002481,1,1,3,0,,,,,35,3535,127,3687,38,2024,11,76,4,5,2,3,2,0,3,5,1,2,3,3,1,1,9,9,9,0,0,9,6,61,612,99,99,1,174528,617009
2024002494,1,1,1,8400,435,683,,17860033,,,,,52,2024,5,31,4,1,6,3,1,3,0,1,1,3,3,1,1,1,9,9,9,3,3,1,4,44,441,0,14,1,182395,643183
2024002504,1,1,1,70,335,583,,9930001,,,,,38,2024,9,54,4,1,3,3,2,0,3,1,1,5,5,1,1,1,9,9,9,0,0,9,6,61,613,0,13,1,167605,632677
2024002506,1,1,4,0,,,,,6,0,2186,,12,2024,10,67,4,1,6,1,8,1,0,5,1,3,3,1,1,1,5,9,9,0,0,9,3,31,311,99,99,1,210596,739651
2024002508,1,1,4,0,,,,,5503,0,6,,51,2024,1,35,4,1,3,3,2,3,0,1,1,3,3,1,2,2,9,9,9,0,0,9,4,42,421,99,99,1,192821,678291
2024002512,1,1,2,6100,872,,15,,,,,,20,2024,10,35,4,1,3,2,1,3,0,1,1,3,3,1,1,1,9,9,9,1,3,2,5,51,512,0,13,1,184752,664706
2024002522,1,1,3,0,,,,,40,402,2964,779,51,2024,7,69,4,1,7,3,2,0,3,4,1,3,3,1,1,1,9,9,9,0,0,9,4,42,421,99,99,1,190974,670691
2024002554,1,1,3,0,,,,,675,6724,34,2268,14,2024,4,82,4,5,2,3,2,2,0,4,1,4,3,3,1,1,9,9,9,0,0,9,2,23,234,99,99,1,224690,719219
2024002556,1,1,1,9000,925,953,,8630022,,,,,34,2024,9,10,4,5,7,2,8,1,0,1,1,2,3,3,1,1,9,9,9,0,0,9,6,62,623,0,13,1,179878,572208
2024002559,1,2,4,0,,,,,4372,0,0,,43,2024,2,51,4,1,3,3,2,0,3,4,1,3,4,1,1,1,9,9,9,0,0,9,7,77,777,99,99,3,238835,638317
2024002568,1,1,2,7500,6710,,9999,,,,,,12,2024,5,25,2,5,2,2,8,9,0,0,0,0,5,6,9,9,9,9,9,0,0,9,2,24,241,0,26,2,228965,752397
2024002580,1,1,3,0,,,,,60,0,38,4062,34,2024,9,51,4,1,5,3,2,0,3,5,1,5,4,1,1,1,9,9,9,0,0,9,6,62,623,99,99,1,183428,574028
2024002584,1,1,2,246,112,,9999,,,,,,34,2024,11,64,4,1,6,3,8,9,0,0,1,0,5,11,1,9,6,9,9,0,0,9,6,62,621,0,16,3,159739,592257
2024002590,1,1,1,7400,417,408,,160031,,,,,51,2024,9,81,4,5,7,3,2,9,0,0,0,0,5,6,9,9,9,9,9,0,0,9,4,41,411,0,13,1,186913,692904
2024002595,1,1,4,0,,,,,22,0,55,,12,2024,3,73,4,1,1,3,5,3,0,1,1,3,3,1,1,1,9,9,9,0,0,9,3,31,311,99,99,1,205956,745609
2024002601,1,1,3,0,,,,,4,0,1150,315,20,2024,8,93,4,5,4,3,3,1,0,5,1,5,3,3,1,1,9,9,9,0,0,9,5,51,512,99,99,1,184537,662521
2024002635,1,1,4,0,,,,,412,0,148,,52,2024,12,31,4,1,1,2,3,9,0,0,0,0,5,11,9,9,9,9,9,0,0,9,4,43,432,99,99,1,183552,656645
2024002660,1,1,2,7000,406,,1,,,,,,52,2024,2,67,4,1,2,3,2,3,0,1,1,2,3,1,1,1,9,9,9,0,0,9,4,43,432,0,15,1,189568,650159
2024002667,1,1,1,7400,994,1079,,10590255,,,,,51,2024,1,33,4,1,2,2,1,0,3,1,1,2,3,1,1,2,9,9,9,3,1,2,4,41,411,0,13,1,185599,686827
2024002680,1,1,2,510,,,9999,,,,,,12,2024,11,52,4,1,6,3,1,3,0,2,1,1,3,1,1,1,9,9,9,9,0,9,2,24,241,99,26,2,224714,746138
2024002688,1,1,4,0,,,,,4,0,694,,38,2024,12,70,4,5,7,1,1,0,4,5,1,3,3,3,9,1,9,9,9,0,0,9,6,61,614,99,99,1,164265,623798
2024002699,1,1,3,0,,,,,22,4,50,9911,12,2024,12,69,4,5,7,3,2,0,2,3,1,4,3,3,1,1,9,9,9,0,0,9,3,31,311,99,99,1,205478,745576
2024002728,1,1,3,0,,,,,4,771,2174,8046,12,2024,1,1,4,5,5,3,2,1,0,3,1,3,3,3,1,2,2,1,9,0,0,9,3,31,311,99,99,1,206851,746234
2024002745,1,1,1,9700,109,195,,22430012,,,,,51,2024,11,33,4,1,1,3,1,9,0,0,0,0,5,11,9,9,9,9,9,0,0,9,4,42,421,0,15,1,189915,672993
2024002776,1,1,2,489,,,2,,,,,,14,2024,4,50,4,1,2,3,2,3,0,1,1,2,3,1,1,1,9,9,9,0,0,9,2,23,237,99,27,2,235129,732996
2024002785,1,1,1,9000,957,918,,340062,,,,,34,2024,5,40,4,1,2,3,2,0,5,1,1,3,3,1,1,1,9,9,9,0,0,9,6,62,623,0,13,1,179327,571785
2024002795,1,1,3,0,,,,,574,6405,176,2173,12,2024,6,41,4,1,2,3,8,0,5,4,1,3,3,1,1,1,6,9,9,0,0,9,3,32,324,99,99,1,202063,707357
2024002821,1,1,4,0,,,,,40,0,469,,34,2024,12,45,4,1,3,2,5,2,0,5,1,3,3,1,2,2,9,9,9,0,0,9,6,62,627,99,99,1,196628,470042
2024002859,1,1,1,4000,212,288,,470131,,,,,12,2024,7,39,4,1,4,3,2,9,0,0,0,0,5,11,9,9,9,9,9,0,0,9,3,31,311,0,13,1,205570,745683
2024002862,1,1,3,0,,,,,5,6,138,2043,51,2024,4,60,3,1,4,3,3,0,3,5,1,3,3,1,1,1,9,9,9,0,0,9,4,42,422,99,99,1,194309,669213
2024002879,1,1,1,2630,113,285,,60002,,,,,38,2024,11,75,4,5,2,3,1,0,3,1,1,2,3,3,1,1,9,9,9,3,3,2,6,61,612,0,15,1,176991,613008
2024002884,1,1,1,7900,1019,1308,,99970741,,,,,51,2024,3,93,4,5,2,3,2,0,3,1,1,2,3,3,1,1,9,9,9,0,0,9,4,42,422,0,13,1,189173,667245
2024002895,1,1,2,8700,103,,142,,,,,,51,2024,10,68,4,1,2,2,8,3,0,1,1,4,3,1,1,1,8,2,9,0,0,9,4,42,421,0,15,1,188037,676466
2024002897,1,1,1,5000,2562,2686,,12690913,,,,,20,2024,11,62,4,1,6,3,2,3,0,1,1,0,5,1,1,1,9,9,9,0,0,9,5,51,511,0,13,1,181180,663516
2024002898,1,1,3,0,,,,,4613,444,48,3589,51,2024,2,43,4,1,4,3,2,0,3,5,1,4,4,1,1,1,9,9,9,0,0,9,4,42,422,99,99,1,195785,659064
2024002918,1,1,4,0,,,,,672,0,296,,11,2024,10,61,4,1,1,3,10,0,3,1,1,5,3,1,1,1,2,4,9,0,0,9,3,31,311,99,99,1,206556,731941
2024002932,1,1,3,0,,,,,444,5533,382,2059,51,2024,3,73,4,1,7,3,2,0,3,2,1,4,3,1,1,1,9,9,9,0,0,9,4,42,421,99,99,1,199213,683131
2024002940,1,1,4,0,,,,,6,0,1940,,12,2024,3,69,4,1,3,3,15,0,5,7,1,3,3,11,1,1,9,9,9,0,0,9,3,32,323,99,99,1,203461,718190
2024002941,1,1,1,2620,199,248,,7750003,,,,,20,2024,5,51,4,1,2,3,1,1,0,1,1,2,3,1,1,1,9,9,9,3,1,1,5,51,512,0,16,1,187448,662604
2024002948,1,1,1,2620,210,148,,220003,,,,,20,2024,10,29,3,1,1,1,1,1,0,1,1,4,3,1,1,1,9,9,9,1,4,9,5,51,512,0,16,1,187269,662981
2024002959,1,1,4,0,,,,,334,0,212,,38,2024,1,64,4,1,4,3,5,3,0,4,1,3,4,1,1,1,9,9,9,0,0,9,6,62,621,99,99,1,169130,601296
2024002966,1,1,1,7400,344,417,,8640021,,,,,51,2024,11,30,4,1,5,3,4,0,3,1,1,4,3,1,1,1,9,9,9,0,0,9,4,41,411,0,13,1,186934,693150
2024002983,1,1,3,0,,,,,70,805,633,1219,12,2024,5,53,4,1,7,3,2,0,3,4,1,4,3,1,1,1,9,9,9,0,0,9,2,24,246,99,99,1,217338,755349
2024002996,1,1,1,2400,202,105,,7560001,,,,,20,2024,2,83,4,5,3,2,1,0,3,1,1,2,3,3,1,1,9,9,9,1,3,2,5,51,512,0,16,1,186912,659004
2024003000,1,1,2,6300,301,,16,,,,,,20,2024,6,45,4,1,5,2,1,0,1,1,1,4,3,1,1,1,9,9,9,3,3,1,5,51,512,0,15,1,182080,664657
2024003014,1,1,1,2660,200,219,,8050021,,,,,52,2024,3,84,4,5,4,3,2,0,3,1,1,3,3,3,1,1,9,9,9,0,0,9,4,44,441,0,15,1,175624,643424
2024003039,1,1,4,0,,,,,264,0,2045,,34,2024,6,9,4,5,2,3,2,0,3,5,1,5,3,4,1,1,9,9,9,0,0,9,6,62,623,99,99,1,175954,591158
2024003040,1,1,3,0,,,,,410,0,30,1943,52,2024,8,74,4,1,4,3,2,0,3,2,1,2,3,1,1,1,9,9,9,0,0,9,4,44,442,99,99,1,178505,643582
2024003054,1,1,2,7900,916,,31,,,,,,51,2024,12,69,4,5,1,3,1,9,0,0,0,0,5,6,9,9,9,9,9,3,2,1,4,42,422,0,13,1,188300,665758
2024003067,1,1,2,8400,403,,180,,,,,,52,2024,7,8,4,5,6,3,4,3,0,1,1,3,3,3,1,1,9,9,9,0,0,9,4,44,441,0,14,1,182232,644925
2024003072,1,1,1,6800,219,220,,7910004,,,,,12,2024,9,69,4,1,6,3,2,0,5,1,1,3,3,1,1,1,9,9,9,0,0,9,3,31,311,0,15,1,210129,746418
2024003081,1,1,1,9500,127,129,,1100003,,,,,12,2024,11,56,4,1,1,3,2,3,0,1,1,3,3,1,1,1,9,9,9,0,0,9,3,31,311,0,16,1,208411,748356
2024003100,1,1,3,0,,,,,23,0,5,11291,11,2024,7,90,4,5,7,3,2,1,0,1,1,3,3,3,1,1,9,9,9,0,0,9,3,31,311,99,99,1,197240,744224
2024003118,1,1,1,2100,431,305,,80006,,,,,11,2024,11,54,4,1,6,3,2,3,0,1,1,3,3,1,1,1,9,9,9,0,0,9,3,31,311,0,16,1,197747,740503
2024003120,1,1,2,3000,4762,,9999,,,,,,61,2024,9,59,4,1,2,2,3,1,0,3,1,4,3,1,1,1,9,9,9,0,0,9,1,11,111,0,12,3,222661,635751
2024003123,1,1,1,70,481,486,,10150407,,,,,38,2024,5,59,4,1,5,3,2,0,3,5,1,5,3,1,1,1,9,9,9,0,0,9,6,61,613,0,13,1,168191,637403
2024003127,1,1,3,0,,,,,461,0,113,3424,20,2024,9,59,4,1,2,2,1,3,0,3,1,0,3,1,1,1,9,9,9,1,4,2,4,42,422,99,99,1,190574,659174
2024003129,1,1,2,2710,6550,,9999,,,,,,12,2024,6,86,4,5,6,3,2,9,0,0,0,0,5,6,9,9,9,9,9,0,0,9,3,32,323,0,25,2,214504,714033
2024003133,1,1,3,0,,,,,6,44,1150,4188,52,2024,6,80,4,5,5,3,2,9,0,0,0,0,5,6,9,9,9,9,9,0,0,9,4,43,432,99,99,1,190403,646449
2024003143,1,1,2,6700,445,,30,,,,,,12,2024,3,79,4,5,7,3,1,3,0,1,1,2,3,3,1,1,9,9,9,3,3,1,2,22,221,0,16,1,248664,742838
2024003154,1,1,1,3000,616,733,,26310164,,,,,61,2024,1,70,4,5,4,3,2,1,0,7,1,2,5,6,2,9,9,9,9,0,0,9,1,11,111,0,12,1,219704,632630
2024003168,1,1,2,9000,285,,9999,,,,,,34,2024,11,92,4,5,2,2,1,9,0,0,0,0,5,6,9,9,9,9,9,8,0,9,6,62,623,0,13,3,179079,574368
2024003169,1,1,1,9000,837,612,,40023,,,,,34,2024,12,50,4,1,4,3,1,1,0,1,1,0,4,1,1,1,9,9,9,3,3,1,6,62,623,0,13,1,180949,572890
2024003182,1,1,4,0,,,,,2,0,683,,12,2024,7,3,4,5,2,2,6,0,3,7,1,3,3,5,1,1,9,9,9,0,0,9,3,32,324,99,99,1,192243,714617
2024003184,1,1,3,0,,,,,443,0,162,5529,52,2024,10,55,4,1,7,3,2,0,3,6,1,4,3,1,1,1,9,9,9,0,0,9,4,43,431,99,99,1,202636,645540
2024003190,1,1,4,0,,,,,211,0,1248,,34,2024,8,28,4,1,3,2,10,3,0,5,1,5,3,1,1,1,9,9,9,0,0,9,6,62,626,99,99,1,158045,536720
2024003203,1,1,4,0,,,,,232,0,743,,38,2024,6,35,4,1,3,2,2,2,0,4,1,3,4,1,1,1,9,9,9,0,0,9,6,61,614,99,99,1,168074,617560
2024003219,1,1,1,1200,303,443,,780193,,,,,52,2024,7,80,4,5,4,2,2,0,3,1,1,3,3,3,1,1,9,9,9,0,0,9,4,43,431,0,15,1,200585,645467
2024003250,1,1,1,6500,230,303,,9800053,,,,,12,2024,8,74,4,1,3,3,1,3,0,1,1,2,5,1,1,1,9,9,9,3,1,1,3,32,324,0,14,1,192714,705680
2024003268,1,1,1,9700,101,159,,21950006,,,,,51,2024,5,49,4,1,1,2,2,0,2,1,1,4,3,1,1,1,9,9,9,0,0,9,4,42,421,0,15,1,190661,671160
2024003277,1,1,3,0,,,,,574,0,51,3457,51,2024,3,88,4,5,4,2,15,0,2,2,1,0,3,3,1,1,9,9,9,0,0,9,4,41,412,99,99,1,203033,696431
2024003292,1,1,2,7900,127,,9999,,,,,,51,2024,3,80,4,5,7,3,3,0,3,1,1,4,4,3,1,1,9,9,9,0,0,9,4,42,422,0,13,3,189358,666814
2024003325,1,1,2,1192,,,9999,,,,,,34,2024,9,83,4,5,6,2,3,9,0,0,0,0,5,6,9,9,9,9,9,0,0,9,6,62,623,99,26,2,202194,563021
2024003327,1,1,3,0,,,,,4,89,2411,12185,12,2024,11,55,4,1,2,3,5,3,0,3,1,3,3,1,1,1,9,9,9,0,0,9,2,24,245,99,99,1,209995,768940
2024003331,1,1,3,0,,,,,6,471,1360,4135,51,2024,3,86,4,5,1,3,2,0,3,5,1,3,3,3,1,1,9,9,9,0,0,9,4,42,422,99,99,1,194063,663903
2024003355,1,1,1,9000,404,849,,9900042,,,,,34,2024,2,33,4,1,4,3,2,0,3,1,1,3,3,1,9,1,9,9,9,0,0,9,6,62,623,0,13,1,179746,572837
2024003356,1,1,2,8300,1076,,9999,,,,,,52,2024,9,89,4,5,4,3,2,0,3,1,1,3,3,3,1,1,9,9,9,0,0,9,4,44,442,0,13,3,179843,654201
2024003365,1,1,3,0,,,,,65,7266,565,1133,14,2024,10,51,1,1,5,3,2,0,3,4,1,4,5,1,1,1,9,9,9,0,0,9,2,23,233,99,99,1,237093,729789
2024003373,1,1,1,8300,723,742,,540004,,,,,52,2024,2,72,4,5,1,2,1,1,0,1,1,2,3,3,1,1,9,9,9,3,1,2,4,44,442,0,13,1,182070,651882
2024003379,1,2,3,0,,,,,60,367,704,7086,43,2024,12,75,4,5,4,2,1,9,0,4,0,4,3,3,1,1,9,9,9,3,4,2,7,77,777,99,99,1,212604,617078
2024003383,1,1,1,7900,265,189,,99970119,,,,,51,2024,1,64,4,1,4,3,2,0,3,1,1,2,3,1,9,2,9,9,9,0,0,9,4,42,422,0,13,1,188516,667558
2024003393,1,1,2,8600,1820,,45,,,,,,20,2024,10,60,4,1,4,2,1,3,0,1,1,3,3,1,1,1,9,9,9,9,0,9,5,51,512,0,14,1,183336,662543
2024003408,1,2,4,0,,,,,90,0,2924,,43,2024,10,33,4,1,5,3,10,3,0,5,1,3,3,1,1,1,9,9,9,0,0,9,7,77,777,99,99,1,248577,638084
2024003448,1,1,2,3000,893,,9999,,,,,,61,2024,3,48,4,1,2,1,10,0,2,3,1,3,4,1,1,5,9,9,9,0,0,9,1,11,111,0,12,3,217642,632366
2024003455,1,1,2,3000,1058,,9999,,,,,,61,2024,6,61,4,1,1,3,1,1,0,1,1,2,5,1,1,1,9,9,9,0,0,9,1,11,111,0,12,3,217620,630592
2024003456,1,2,4,0,,,,,4373,0,7,,43,2024,4,70,4,1,7,3,5,3,0,4,0,2,3,1,1,1,9,9,9,0,0,9,7,77,777,99,99,1,232540,636065
2024003473,1,1,1,6400,313,547,,8510004,,,,,20,2024,4,5,4,5,6,3,2,1,0,1,1,2,3,3,1,1,9,9,9,0,0,9,5,51,511,0,14,1,184848,674337
2024003475,1,1,1,2600,147,355,,8780147,,,,,33,2024,5,49,4,1,2,3,1,0,3,1,1,2,3,1,1,1,9,9,9,3,3,1,6,62,625,0,15,1,195131,384794
2024003479,1,1,2,70,577,,13,,,,,,38,2024,5,21,4,5,7,3,3,0,3,1,1,3,3,6,1,1,9,9,9,0,0,9,6,61,613,0,13,1,167547,632319
2024003493,1,1,4,0,,,,,754,0,558,,14,2024,10,83,1,5,5,3,3,3,0,1,1,3,3,3,1,1,9,9,9,0,0,9,2,23,237,99,99,1,230173,736742
2024003508,1,1,3,0,,,,,574,0,183,12081,12,2024,6,57,4,1,1,3,2,0,3,3,1,1,3,1,1,1,9,9,9,0,0,9,3,32,324,99,99,1,202066,708056
2024003517,1,1,1,7400,609,946,,9970053,,,,,51,2024,1,18,4,5,4,3,15,0,4,1,1,4,3,3,1,9,9,9,9,0,0,9,4,41,411,0,13,1,186559,688281
2024003522,1,1,2,9000,103,,9999,,,,,,34,2024,1,67,4,1,5,2,2,1,0,1,1,0,5,11,9,9,9,9,9,0,0,9,6,62,623,0,13,3,181666,572572
2024003539,1,1,4,0,,,,,40,0,2662,,52,2024,11,78,4,5,7,2,3,9,0,0,0,0,5,6,9,9,9,9,9,0,0,9,4,43,432,99,99,1,185018,644725
2024003548,1,1,2,3000,701,,9999,,,,,,61,2024,7,71,4,1,5,2,1,1,0,1,1,2,4,1,1,1,9,9,9,0,0,9,1,11,111,0,12,3,220297,632184
2024003572,1,1,4,0,,,,,781,0,119,,12,2024,4,87,4,5,1,3,4,2,0,4,1,4,3,4,1,1,9,9,9,0,0,9,2,24,241,99,99,1,216216,747966
2024003575,1,1,3,0,,,,,42,4303,983,831,52,2024,1,53,4,1,4,2,4,9,0,0,0,0,5,11,9,9,9,9,9,0,0,9,4,44,442,99,99,1,178421,647608
2024003576,1,1,2,4000,1161,,9999,,,,,,11,2024,4,77,4,5,2,2,3,0,2,3,1,3,3,3,9,1,9,9,9,0,0,9,3,31,311,0,13,3,196193,746758
2024003584,1,1,4,0,,,,,25,0,1513,,34,2024,9,81,4,5,5,2,4,0,3,5,1,4,3,5,1,1,9,9,9,0,0,9,6,62,623,99,99,1,200286,560014
2024003585,1,1,1,3000,937,907,,60214,,,,,61,2024,1,50,4,1,3,3,2,3,0,1,1,2,3,1,1,1,9,9,9,0,0,9,1,11,111,0,12,1,219848,633310
2024003629,1,1,2,8300,347,,9999,,,,,,52,2024,7,24,4,5,1,2,1,9,0,0,0,0,5,6,9,9,9,9,9,4,0,9,4,44,442,0,13,3,182321,653141
2024003638,1,1,2,3000,1422,,9999,,,,,,61,2024,10,80,3,5,1,2,4,3,0,1,0,0,5,3,1,9,9,9,9,0,0,9,1,11,111,0,12,3,219270,630269
2024003661,1,1,4,0,,,,,293,0,155,,34,2024,4,63,4,1,5,2,5,2,0,5,1,3,3,1,1,1,9,9,9,0,0,9,6,62,621,99,99,1,175467,594684
2024003669,1,1,4,0,,,,,669,0,28,,14,2024,3,61,1,1,1,3,5,3,0,4,1,3,3,1,1,1,9,9,9,0,0,9,2,23,232,99,99,1,241241,714223
2024003675,1,1,2,7600,414,,9999,,,,,,12,2024,4,42,4,1,4,3,8,0,2,1,1,2,4,1,1,1,1,2,9,0,0,9,2,24,246,0,15,3,207635,759946
2024003700,1,1,2,2640,486,,9999,,,,,,51,2024,9,67,4,1,4,3,4,3,0,1,1,0,3,1,1,1,9,9,9,0,0,9,4,42,422,0,15,3,198571,665026
2024003703,1,1,4,0,,,,,40,0,1931,,34,2024,8,42,4,1,7,2,4,9,0,0,0,0,5,11,9,9,9,9,9,0,0,9,6,62,623,99,99,1,179770,580663
2024003711,1,1,3,0,,,,,431,423,160,4186,52,2024,1,53,4,1,4,3,2,9,0,0,0,0,5,11,9,9,9,9,9,0,0,9,4,44,442,99,99,1,182696,649655
2024003722,1,1,4,0,,,,,77,0,394,,14,2024,2,78,4,5,1,1,3,0,2,6,1,5,3,3,1,1,9,9,9,0,0,9,2,23,235,99,99,1,214361,734783
2024003725,1,1,1,8700,120,335,,10680033,,,,,51,2024,4,36,4,1,3,3,7,3,0,1,1,4,3,1,1,1,9,9,9,0,0,9,4,42,421,0,15,1,187708,677320
2024003738,1,1,1,6200,311,508,,8000033,,,,,20,2024,3,5,4,5,2,3,2,1,0,1,1,0,3,3,1,1,9,9,9,0,0,9,5,51,513,0,14,1,176340,656873
2024003744,1,1,4,0,,,,,40,0,2734,,52,2024,5,69,4,1,1,2,3,9,0,0,0,0,5,11,9,9,9,9,9,0,0,9,4,43,432,99,99,1,189897,649009
2024003753,1,1,2,9300,128,,9999,,,,,,12,2024,8,65,4,1,5,3,10,2,0,1,1,3,3,1,1,1,9,9,9,0,0,9,3,32,322,99,16,3,195596,719798
2024003757,1,1,4,0,,,,,57,0,70,,51,2024,12,87,4,5,1,3,15,0,3,3,1,1,4,3,1,1,9,9,9,0,0,9,4,41,411,99,99,1,194519,691807
2024003760,1,1,2,3000,1832,,12,,,,,,61,2024,8,61,4,1,4,2,5,3,0,6,1,2,5,11,2,5,9,9,9,0,0,9,1,11,111,0,12,1,221776,630498
2024003766,1,1,4,0,,,,,4,,1150,,20,2024,10,36,4,1,4,3,3,9,0,0,0,0,5,11,9,9,9,9,9,0,0,9,5,51,512,99,99,1,184567,662673
2024003788,1,1,2,6100,837,,9999,,,,,,20,2024,1,68,4,5,1,3,1,3,0,1,1,2,3,6,1,1,9,9,9,3,3,2,5,51,512,0,13,2,184558,665992
2024003795,1,1,1,7100,653,1115,,9930002,,,,,38,2024,9,67,4,1,3,3,2,0,4,3,1,5,3,1,1,1,9,9,9,0,0,9,6,61,614,0,14,1,159609,618947
2024003798,1,2,4,0,,,,,458,0,174,,43,2024,4,57,4,1,5,3,4,3,0,4,1,3,3,1,1,1,6,2,9,0,0,9,7,77,777,99,99,1,229975,646789
2024003807,1,1,2,6900,443,,11,,,,,,51,2024,6,45,4,1,1,3,8,3,0,1,1,2,3,1,9,1,5,9,9,0,0,9,4,42,421,0,14,1,189851,676010
2024003830,1,1,2,2730,,,9999,,,,,,51,2024,12,32,4,1,4,3,1,9,0,0,0,0,5,11,9,9,9,9,9,3,3,9,4,41,412,0,26,2,200809,685697
2024003835,1,1,2,5000,2648,,23,,,,,,20,2024,6,14,4,5,6,3,10,0,5,1,1,3,3,3,1,1,9,9,9,0,0,9,5,51,511,0,13,1,180284,662968
2024003860,1,1,1,7900,216,214,,9490041,,,,,51,2024,9,77,4,5,5,3,1,1,0,1,1,2,3,6,1,1,9,9,9,3,3,9,4,42,422,0,13,1,189058,666104
2024003861,1,1,4,0,,,,,65,0,116,,12,2024,10,73,3,5,2,1,1,0,3,5,1,3,3,5,1,1,9,9,6,8,0,9,3,32,324,99,99,1,200263,708367
2024003863,1,1,1,70,377,386,,10150098,,,,,38,2024,1,56,4,1,6,3,4,0,3,1,1,4,3,1,1,1,9,9,9,0,0,9,6,61,613,0,13,1,165479,631891
2024003869,1,1,3,0,,,,,4,3412,631,275,38,2024,11,83,4,5,7,3,2,0,5,4,1,4,3,6,1,1,9,9,9,0,0,9,6,61,614,99,99,1,162006,618094
2024003883,1,1,1,9000,353,366,,10510052,,,,,34,2024,1,74,4,5,6,3,2,0,3,3,1,3,3,3,1,1,9,9,9,0,0,9,6,62,623,0,13,1,177689,573589
2024003894,1,1,2,7100,378,,5,,,,,,38,2024,11,61,4,1,1,2,15,9,0,0,0,0,5,11,9,9,9,9,9,0,0,9,6,61,614,0,14,3,158958,621511
2024003905,1,1,4,0,,,,,6,0,2140,,12,2024,7,91,4,5,1,2,3,1,0,6,1,2,3,3,1,1,9,9,9,0,0,9,3,31,311,99,99,1,209620,735220
2024003918,1,1,2,6600,800,,9999,,,,,,20,2024,1,31,4,1,3,2,12,1,0,1,1,4,3,11,1,1,9,9,9,0,0,9,5,51,513,0,14,3,178153,656220
2024003942,1,1,4,0,,,,,61,0,5,,12,2024,11,62,4,1,3,2,2,0,3,4,1,3,3,1,2,2,9,9,9,0,0,9,3,32,324,99,99,3,202442,702017
2024003944,1,1,2,7400,609,,44,,,,,,51,2024,12,65,4,1,1,3,1,3,0,1,1,4,3,1,1,1,9,9,9,1,2,1,4,41,411,0,13,1,186462,689733
2024003955,1,1,2,8700,362,,9999,,,,,,51,2024,11,51,4,1,4,3,2,0,3,1,1,2,3,1,1,1,9,9,9,0,0,9,4,42,421,0,15,3,188966,678164
2024003967,1,1,4,0,,,,,553,0,109,,51,2024,6,9,4,5,7,3,2,2,0,1,1,3,3,3,1,1,9,9,9,0,0,9,4,41,411,99,99,1,194966,685342
2024003972,1,1,1,4000,850,845,,10280523,,,,,11,2024,11,41,4,1,3,3,1,0,5,1,1,2,3,1,1,2,9,9,9,3,3,2,3,31,311,0,13,1,199759,746346
2024003981,1,1,2,8400,485,,9999,,,,,,52,2024,6,58,4,1,4,3,1,0,2,1,1,2,3,1,1,1,9,9,9,3,2,1,4,44,441,0,14,3,182208,644657
2024003991,1,1,2,502,353,,9999,,,,,,12,2024,6,61,4,1,5,3,2,3,0,2,1,0,3,1,1,6,9,9,9,0,0,9,2,24,243,99,27,3,218460,762546
2024003993,1,1,3,0,,,,,531,444,168,4220,51,2024,4,36,4,1,6,3,4,0,4,5,1,0,3,1,1,1,9,9,9,0,0,9,4,42,421,99,99,1,195216,672804
2024004008,1,1,3,0,,,,,6400,7540,2,4138,14,2024,2,37,4,1,5,3,2,0,2,3,1,4,3,1,1,1,9,9,9,0,0,9,2,23,237,99,99,1,230704,736918
2024004011,1,1,1,1031,190,191,,670110,,,,,38,2024,10,87,4,5,7,3,2,3,0,1,1,3,4,3,1,1,9,9,9,0,0,9,6,61,614,0,16,1,162471,604090
2024004031,1,1,3,0,,,,,23,0,5,11291,11,2024,6,45,4,1,7,3,18,0,3,1,1,2,3,1,1,1,9,9,9,0,0,9,3,31,311,99,99,1,197240,744224
2024004038,1,1,3,0,,,,,40,3922,2531,717,52,2024,9,80,4,5,3,3,2,0,2,5,1,5,3,3,1,1,9,9,9,0,0,9,4,44,441,99,99,1,177656,634312
2024004041,1,1,2,7900,1017,,9999,,,,,,51,2024,2,47,4,1,2,3,3,0,3,1,1,0,3,1,1,1,9,9,9,0,0,9,4,42,422,0,13,3,186908,667348
2024004073,1,1,2,8400,724,,48,,,,,,52,2024,1,45,4,1,1,3,1,0,3,1,1,2,3,1,1,1,9,9,9,3,3,2,4,44,441,0,14,1,183032,643920
2024004080,1,1,2,5000,1040,,9999,,,,,,20,2024,5,33,4,1,6,3,3,3,0,1,1,3,3,1,1,1,9,9,9,0,0,9,5,51,511,0,13,3,179553,665859
2024004089,1,1,2,6700,102,,19,,,,,,12,2024,4,86,4,5,5,3,1,3,0,1,1,2,3,3,1,1,9,9,9,3,3,2,2,22,221,0,16,1,249711,744784
2024004097,1,1,2,7400,201,,2,,,,,,51,2024,7,82,4,5,7,3,1,0,3,1,1,1,3,3,1,1,9,9,9,3,3,1,4,41,411,0,13,1,186434,693599
2024004106,1,1,3,0,,,,,6,65,1850,4203,12,2024,10,76,3,5,2,3,2,0,2,5,1,3,3,3,1,1,9,9,9,0,0,9,3,32,324,99,99,1,203485,709847
2024004108,1,1,4,0,,,,,44,0,178,,52,2024,7,71,4,1,1,2,2,2,0,4,1,3,3,1,1,1,9,9,9,0,0,9,4,43,432,99,99,1,189909,642688
2024004136,1,1,3,0,,,,,4,0,1595,363,12,2024,11,92,4,5,3,3,2,0,5,1,1,3,3,3,1,1,9,9,9,0,0,9,3,32,324,99,99,1,191827,704993
2024004149,1,1,4,0,,,,,20,0,196,,20,2024,9,9,4,5,7,3,3,1,0,5,1,5,3,3,1,1,9,9,9,0,0,9,5,51,511,99,99,1,181649,667774
2024004161,1,1,4,0,,,,,25,0,1949,,34,2024,9,86,4,5,7,2,4,0,2,5,1,3,4,5,9,1,9,9,9,0,0,9,6,62,621,99,99,1,170568,582286
2024004191,1,1,2,7300,897,,9999,,,,,,14,2024,5,64,4,1,1,2,2,3,0,1,1,3,3,1,1,1,9,9,9,0,0,9,2,23,237,0,25,3,227872,735238
2024004203,1,1,3,0,,,,,1,38,385,19,61,2024,7,91,4,5,7,3,3,3,0,1,1,3,5,6,1,1,9,9,9,0,0,9,1,11,111,99,99,1,202357,635855
2024004212,1,1,4,0,,,,,40,0,2628,,52,2024,10,90,3,5,2,2,2,9,0,0,0,0,5,6,9,9,9,9,9,0,0,9,4,44,441,99,99,1,183037,642069
2024004235,1,1,4,0,,,,,574,0,146,,12,2024,12,69,4,5,5,2,5,2,0,3,1,3,3,5,1,1,9,9,9,0,0,9,3,32,324,99,99,1,202776,704471
2024004249,1,1,2,1296,,,9999,,,,,,12,2024,6,87,4,5,6,2,1,9,0,0,0,0,5,6,9,9,9,9,9,4,0,9,2,24,243,99,28,2,228769,763766
2024004257,1,1,4,0,,,,,3415,0,56,,38,2024,7,82,4,5,4,3,5,0,4,4,1,5,5,6,9,9,9,9,9,0,0,9,6,61,612,99,99,1,187847,607443
2024004262,1,1,1,6100,503,101,,7860016,,,,,20,2024,12,70,4,5,3,3,6,9,0,0,0,0,5,6,9,9,9,9,9,0,0,9,5,51,512,0,13,1,183540,666482
2024004270,1,1,4,0,,,,,653,0,159,,12,2024,12,77,4,5,1,3,2,9,0,0,0,0,5,6,9,9,9,9,9,0,0,9,3,32,324,99,99,1,201746,714389
2024004288,1,1,4,0,,,,,652,0,104,,12,2024,11,35,4,1,5,3,2,2,0,4,1,3,3,1,1,1,9,9,9,0,0,9,3,32,324,99,99,1,196396,712651
2024004304,1,1,1,7300,419,1035,,9780001,,,,,14,2024,1,60,4,1,2,3,2,3,0,1,1,1,3,1,2,2,9,9,9,0,0,9,2,23,237,0,25,1,227535,732354
2024004313,1,1,2,9000,402,,15,,,,,,34,2024,7,80,4,5,6,2,1,3,0,1,1,2,3,3,1,1,9,9,9,1,2,1,6,62,623,0,13,1,180044,574001
2024004315,1,1,3,0,,,,,40,411,2622,727,52,2024,9,55,4,1,3,3,2,9,0,0,0,0,5,11,9,9,9,9,9,0,0,9,4,44,441,99,99,1,182538,641532
2024004354,1,1,2,7400,331,,9999,,,,,,51,2024,11,63,4,1,6,2,1,9,0,0,0,0,5,11,9,9,9,9,9,4,0,9,4,41,411,0,13,3,186595,693307
2024004361,1,1,2,499,601,,9999,,,,,,14,2024,9,31,4,1,3,3,1,3,0,1,1,2,3,1,1,1,9,9,9,2,3,1,2,23,237,99,27,3,226205,731370
2024004364,1,2,4,0,,,,,578,0,47,,41,2024,3,53,4,1,1,3,5,2,0,4,1,3,3,1,9,1,9,9,9,0,0,9,7,77,777,99,99,1,242129,683547
2024004371,1,1,2,5000,2155,,9999,,,,,,20,2024,4,33,4,1,7,2,4,9,0,0,0,0,5,11,9,9,9,9,9,0,0,9,5,51,511,0,13,3,178007,661193
2024004374,1,1,1,4000,522,1161,,14600314,,,,,11,2024,10,90,2,5,4,3,2,3,0,3,1,4,3,3,1,1,9,9,9,0,0,9,3,31,311,0,13,1,198360,748333
2024004380,1,1,3,0,,,,,4,85,2305,4050,12,2024,12,35,4,1,1,3,4,3,0,3,1,5,3,1,1,2,9,9,9,0,0,9,2,24,246,99,99,1,209402,758228
2024004394,1,1,1,5000,1611,2309,,14290714,,,,,20,2024,8,66,4,1,6,3,2,0,2,1,1,3,3,1,1,1,9,9,9,0,0,9,5,51,511,0,13,1,177994,662253
2024004399,1,1,1,7900,136,127,,99970058,,,,,51,2024,8,87,4,5,7,3,1,0,3,1,1,1,3,3,1,1,9,9,9,3,3,9,4,42,422,0,13,1,189414,667264
2024004407,1,1,2,1161,136,,9999,,,,,,34,2024,10,91,1,5,5,2,1,3,0,1,1,3,3,3,1,1,9,9,9,1,2,1,6,62,623,0,25,3,176478,589874
2024004415,1,1,4,0,,,,,444,0,304,,51,2024,6,37,4,1,5,3,3,0,5,5,1,3,3,1,1,1,9,9,9,0,0,9,4,42,422,99,99,3,194521,669516
2024004421,1,1,4,0,,,,,4362,0,9,,61,2024,5,50,4,1,1,3,2,2,0,1,1,3,3,1,1,1,9,9,9,0,0,9,7,77,777,99,99,3,216403,639148
2024004430,1,1,2,8400,410,,8,,,,,,52,2024,2,39,4,1,5,3,1,9,0,0,0,0,5,11,9,9,9,9,9,3,2,1,4,44,441,0,14,1,182158,644859
2024004438,1,1,3,0,,,,,70,8721,755,1241,12,2024,5,77,4,1,5,1,2,0,3,3,1,4,3,1,1,1,9,9,9,0,0,9,2,24,245,99,99,1,213986,765954
2024004454,1,1,4,0,,,,,444,0,266,,51,2024,6,52,4,1,3,2,2,1,0,5,1,4,3,1,1,1,9,9,9,0,0,9,4,42,421,99,99,1,195080,672495
2024004480,1,1,3,0,,,,,31,60,170,543,34,2024,1,78,4,5,3,3,2,0,3,5,1,5,4,3,1,1,9,9,9,0,0,9,6,62,623,99,99,1,190634,579583
2024004498,1,1,2,6200,439,,35,,,,,,20,2024,5,20,4,5,1,3,2,1,0,1,1,0,4,3,1,1,9,9,9,0,0,9,5,51,513,0,14,1,176776,658483
2024004521,1,1,1,8300,315,311,,510007,,,,,52,2024,5,39,4,1,6,3,1,9,0,0,0,0,5,11,9,9,9,9,9,3,3,1,4,44,442,0,13,1,181386,652690
2024004549,1,1,3,0,,,,,20,0,144,8052,20,2024,10,17,1,5,5,2,8,1,0,1,1,2,3,3,1,1,6,2,9,0,0,9,5,51,511,99,99,1,179991,662972
2024004551,1,1,3,0,,,,,7276,7277,38,2701,14,2024,1,33,4,1,7,3,4,2,0,4,1,2,3,1,1,2,9,9,9,0,0,9,2,23,233,99,99,1,240066,728888
2024004557,1,1,1,7100,319,416,,1690002,,,,,38,2024,8,72,4,1,2,3,1,0,3,1,1,1,3,1,1,1,9,9,9,3,3,1,6,61,614,0,14,1,158588,619476
2024004576,1,1,2,3000,4484,,9999,,,,,,61,2024,8,81,4,5,4,2,1,0,3,1,1,2,3,3,1,1,9,9,9,1,3,1,1,11,111,0,12,3,218277,636780
2024004601,1,1,3,0,,,,,25,0,1711,4141,34,2024,9,40,4,1,5,1,3,0,3,4,1,3,3,1,1,1,9,9,9,0,0,9,6,62,623,99,99,1,185269,570049
2024004611,1,1,4,0,,,,,20,0,72,,20,2024,3,87,4,5,7,2,1,0,2,5,1,5,3,3,1,1,9,9,9,4,9,9,5,51,513,99,99,1,177656,657715
2024004618,1,1,3,0,,,,,411,40,99,727,52,2024,1,53,4,1,2,2,2,0,3,1,1,5,3,1,1,1,9,9,9,0,0,9,4,44,441,99,99,1,182538,641532
2024004625,1,1,2,7500,,,9999,,,,,,12,2024,4,41,4,1,2,2,3,9,0,0,0,0,5,11,9,9,9,9,9,0,0,9,2,24,241,0,26,2,228323,752208
2024004648,1,1,2,7100,421,,9999,,,,,,38,2024,6,61,4,1,2,2,4,9,0,0,0,0,5,11,9,9,9,9,9,0,0,9,6,61,614,0,14,3,160089,623822
2024004661,1,1,2,8400,451,,9999,,,,,,52,2024,3,90,4,5,7,2,15,9,0,0,0,0,5,6,9,9,9,9,9,0,0,9,4,44,441,0,14,3,182521,644898
2024004674,1,1,1,7400,996,983,,9370051,,,,,51,2024,11,96,4,5,5,3,2,0,3,1,1,5,3,3,1,1,9,9,9,0,0,9,4,41,411,0,13,1,186050,687212
2024004687,1,1,4,0,,,,,581,0,179,,12,2024,6,18,4,5,6,2,4,2,0,2,1,3,3,3,1,1,9,9,9,0,0,9,3,32,324,99,99,1,201008,702326
2024004722,1,1,1,6600,901,907,,180055,,,,,20,2024,3,27,4,1,5,3,1,3,0,1,1,3,5,1,1,1,9,9,9,4,3,1,5,51,513,0,14,1,178373,657694
2024004727,1,1,4,0,,,,,4,0,1700,,12,2024,1,70,4,5,1,3,3,0,2,5,1,3,3,3,9,2,9,9,9,0,0,9,3,32,324,99,99,1,193592,714912
2024004741,1,1,1,7100,496,653,,8660004,,,,,38,2024,9,84,4,5,1,3,2,0,3,1,1,3,3,3,1,1,9,9,9,0,0,9,6,61,614,0,14,1,161558,618724
2024004755,1,1,4,0,,,,,44,0,132,,52,2024,7,64,4,1,6,2,2,2,0,3,1,4,3,1,1,1,9,9,9,0,0,9,4,43,432,99,99,1,191436,638514
2024004767,1,1,2,1200,101,,9999,,,,,,52,2024,11,75,4,5,2,3,1,3,0,1,1,2,3,3,2,2,9,9,9,3,3,9,4,43,431,0,15,3,200775,645911
2024004802,1,1,1,5000,1103,1264,,30554,,,,,20,2024,12,53,4,1,5,3,2,1,0,1,1,1,3,1,1,1,9,9,9,0,0,9,5,51,511,0,13,1,179139,663791
2024004809,1,1,2,4000,348,,9999,,,,,,11,2024,5,91,4,5,2,2,12,9,0,0,0,0,5,6,9,9,9,9,9,0,0,9,3,31,311,0,13,3,200286,747145
2024004849,1,1,2,4000,1012,,160,,,,,,11,2024,5,81,4,5,4,2,1,0,5,1,1,2,3,6,1,1,9,9,9,3,3,9,3,31,311,0,13,1,201480,744740
2024004882,1,1,4,0,,,,,574,0,86,,12,2024,3,59,4,1,3,3,2,3,0,1,1,2,3,1,1,1,9,9,9,0,0,9,3,32,324,99,99,1,204345,699508
2024004884,1,1,2,9000,841,,9999,,,,,,34,2024,11,28,4,1,5,3,1,3,0,2,1,2,3,1,1,1,9,9,9,3,2,2,6,62,623,0,13,3,181882,573117
2024004889,1,1,2,5000,,,9999,,,,,,20,2024,4,57,3,1,4,2,8,9,0,0,0,0,5,11,9,9,9,9,9,0,0,9,5,51,511,0,13,2,180264,664864
2024004890,1,1,2,7900,603,,26,,,,,,51,2024,12,61,4,1,3,2,1,9,0,0,0,0,5,11,9,9,9,9,4,8,0,9,4,42,422,0,13,1,190560,664573
2024004891,1,1,1,70,302,256,,7640003,,,,,38,2024,7,52,4,1,1,3,2,0,3,1,1,5,3,1,1,1,9,9,9,0,0,9,6,61,613,0,13,1,165771,633878
2024004895,1,1,1,8500,761,446,,10020001,,,,,52,2024,1,75,4,5,6,2,2,0,2,3,1,0,3,6,1,1,9,9,9,0,0,9,4,43,432,0,15,1,186081,648180
2024004896,1,1,1,9000,615,616,,14560523,,,,,34,2024,7,61,4,1,6,3,2,0,4,1,1,2,3,1,1,1,9,9,9,0,0,9,6,62,623,0,13,1,182228,570833
2024004920,1,1,1,5000,829,1008,,10140432,,,,,20,2024,4,32,4,1,6,3,2,1,0,1,1,2,3,1,1,1,9,9,9,0,0,9,5,51,511,0,13,1,180239,665576
2024004949,1,1,2,6200,311,,9999,,,,,,20,2024,2,67,4,1,7,2,4,9,0,0,0,0,5,11,9,9,9,9,9,0,0,9,5,51,513,0,14,3,176073,656954
2024004959,1,1,1,831,134,138,,50001,,,,,34,2024,1,92,4,5,7,3,2,3,0,1,1,3,3,3,1,1,9,9,9,0,0,9,6,62,626,99,17,1,192934,544170
2024004971,1,1,4,0,,,,,672,0,172,,14,2024,12,96,4,5,5,3,2,3,0,4,1,2,3,3,1,1,9,9,9,0,0,9,2,23,236,99,99,1,207908,721966
2024004990,1,1,1,1061,159,278,,7890003,,,,,14,2024,5,69,4,1,5,3,2,0,3,1,1,3,3,1,1,1,9,9,9,0,0,9,2,23,237,0,16,1,230637,734322
2024004993,1,1,2,7400,839,,30,,,,,,51,2024,2,49,4,1,5,3,1,3,0,1,1,3,5,1,1,1,9,9,9,1,2,9,4,41,411,0,13,1,188584,691592
2024004998,1,2,4,0,,,,,463,0,70,,41,2024,3,55,4,1,4,2,5,2,0,4,1,3,3,1,1,1,9,9,9,0,0,9,7,77,777,99,99,1,208834,650554
2024005019,1,1,4,0,,,,,35,0,86,,38,2024,6,80,4,5,3,3,2,0,3,5,1,5,3,3,1,1,9,9,9,0,0,9,6,61,611,99,99,1,170577,617323
2024005057,1,1,4,0,,,,,805,0,64,,12,2024,6,75,4,1,6,3,4,2,0,3,0,4,5,1,1,1,9,9,9,0,0,9,2,24,241,99,99,1,223175,753238
2024005092,1,1,4,0,,,,,234,0,84,,34,2024,2,24,4,5,2,1,9,3,0,4,0,3,3,6,1,1,9,9,9,0,0,9,6,62,622,99,99,1,156346,576937
2024005094,1,1,1,7900,813,129,,9090032,,,,,51,2024,5,31,4,1,7,2,2,0,3,1,1,3,3,1,1,1,9,9,9,0,0,9,4,42,422,0,13,1,189175,665370
2024005100,1,1,2,7900,555,,9999,,,,,,51,2024,5,91,4,5,4,2,2,1,0,1,1,2,3,3,1,1,9,9,9,0,0,9,4,42,422,0,13,3,191521,664345
2024005128,1,1,2,7100,364,,9999,,,,,,38,2024,6,30,4,1,1,3,3,3,0,1,1,5,3,1,1,1,9,9,9,0,0,9,6,61,614,0,14,3,157830,620516
2024005131,1,1,4,0,,,,,483,0,20,,51,2024,2,36,4,1,1,2,2,0,2,5,1,4,3,1,1,1,9,9,9,0,0,9,4,42,422,99,99,1,192712,667641
2024005147,1,1,1,4000,348,1085,,250224,,,,,11,2024,9,17,4,5,3,3,2,1,0,1,1,3,3,3,1,1,9,9,9,0,0,9,3,31,311,0,13,1,200244,747183
2024005152,1,1,2,485,210,,9999,,,,,,12,2024,3,66,4,1,4,1,10,3,0,1,1,3,4,1,1,5,9,9,9,0,0,9,2,24,243,99,28,3,216814,760248
2024005163,1,1,3,0,,,,,412,0,82,3827,52,2024,2,48,4,1,3,3,2,0,3,2,1,3,3,1,1,1,9,9,9,0,0,9,4,44,442,99,99,1,181364,650587
2024005193,1,1,1,7900,229,213,,9240033,,,,,51,2024,11,43,4,1,3,3,1,1,0,1,1,2,3,1,1,1,9,9,9,3,3,1,4,42,422,0,13,1,189440,665817
2024005195,1,1,3,0,,,,,20,0,75,8063,20,2024,7,89,4,5,6,3,3,1,0,1,1,5,3,3,1,1,9,9,9,0,0,9,5,51,513,99,99,1,177704,658066
2024005201,1,1,2,5000,2524,,53,,,,,,20,2024,3,45,4,1,6,2,13,3,0,1,1,2,3,1,1,1,9,9,9,0,0,9,5,51,511,0,13,1,180518,663305
2024005208,1,1,1,5000,1939,1994,,15850725,,,,,20,2024,2,89,4,5,7,2,2,3,0,1,1,2,3,6,1,1,9,9,9,0,0,9,5,51,511,0,13,1,176533,660567
2024005222,1,1,2,7100,861,,24,,,,,,38,2024,9,63,4,1,1,2,1,0,3,1,1,2,3,1,1,1,9,9,9,3,3,2,6,61,614,0,14,1,160142,622174
2024005227,1,1,4,0,,,,,5714,0,45,,51,2024,7,66,4,1,2,3,5,2,0,4,1,4,3,1,1,1,9,9,9,0,0,9,4,41,412,99,99,1,201456,695135
2024005229,1,1,4,0,,,,,6,0,2180,,12,2024,2,87,4,5,7,2,8,9,0,0,0,0,5,6,9,9,9,9,9,0,0,9,3,31,311,99,99,1,210473,739066
2024005239,1,1,1,7900,1027,136,,11790115,,,,,51,2024,6,78,4,1,6,3,2,3,0,3,1,5,3,1,1,1,9,9,9,0,0,9,4,42,422,0,13,1,187985,667402
2024005254,1,1,2,9000,1402,,9999,,,,,,34,2024,4,74,1,1,3,3,2,0,3,1,1,5,4,1,1,1,9,9,9,0,0,9,6,62,623,0,13,3,176767,575209
2024005273,1,1,2,5000,2378,,96,,,,,,20,2024,1,51,4,1,5,3,11,3,0,1,1,2,3,1,1,1,9,9,9,0,0,9,5,51,511,0,13,1,178814,662491
2024005279,1,1,2,2200,229,,1101,,,,,,34,2024,1,45,4,1,5,3,1,0,3,1,1,2,3,1,1,1,9,9,9,3,3,1,6,62,626,0,16,3,202954,553012
2024005291,1,1,1,7900,424,,,,,,,,51,2024,2,2,4,5,3,3,5,0,3,1,1,0,3,3,1,1,9,9,9,0,0,9,4,42,422,0,13,3,190957,665438
2024005326,1,1,2,70,801,,9999,,,,,,38,2024,6,53,4,1,2,3,1,0,3,1,1,4,3,1,1,1,9,9,9,3,3,1,6,61,613,0,13,3,166235,631765
2024005336,1,1,2,9000,590,,9999,,,,,,34,2024,2,2,4,5,3,3,2,1,0,1,1,0,3,3,1,1,9,9,9,0,0,9,6,62,623,0,13,3,177717,575594
2024005339,1,1,3,0,,,,,675,6734,89,2270,14,2024,12,46,4,1,6,3,2,3,0,5,1,5,3,1,1,1,9,9,9,0,0,9,2,23,234,99,99,1,229959,718249
2024005345,1,1,1,7400,331,327,,8410023,,,,,51,2024,11,28,4,1,1,1,1,3,0,1,1,3,3,1,1,1,9,9,9,3,3,9,4,41,411,0,13,1,186706,693299
2024005361,1,1,2,5000,456,,9999,,,,,,20,2024,2,77,4,5,5,3,1,3,0,1,1,1,3,3,1,1,9,9,9,8,0,9,5,51,511,0,13,3,179612,666172
2024005367,1,1,2,7700,232,,51,,,,,,14,2024,2,32,4,1,3,3,5,3,0,1,1,2,3,1,1,1,9,9,9,0,0,9,2,23,234,0,15,1,230554,726887
2024005398,1,1,2,6700,,,9999,,,,,,12,2024,7,70,4,1,2,2,1,9,0,0,0,0,5,11,9,9,9,9,9,0,0,9,2,22,221,0,16,2,249372,743703
2024005406,1,1,2,3000,4352,,9999,,,,,,61,2024,2,68,4,1,6,2,8,9,0,0,0,0,5,11,9,9,9,9,9,0,0,9,1,11,111,0,12,3,223182,633065
2024005413,1,1,4,0,,,,,7924,0,16,,14,2024,11,74,4,5,2,3,2,3,0,4,1,3,3,6,2,2,9,9,9,0,0,9,2,23,237,99,99,1,223002,739157
2024005424,1,2,4,0,,,,,60,0,429,,43,2024,11,40,4,1,3,2,2,3,0,4,1,3,3,1,1,1,9,9,9,0,0,9,7,77,777,99,99,1,206254,599649
2024005452,1,1,2,2100,432,,9999,,,,,,11,2024,7,39,4,1,3,3,7,3,0,1,1,2,3,1,1,1,9,9,9,0,0,9,3,31,311,0,16,3,197506,741824
2024005473,1,1,1,229,135,170,,570001,,,,,20,2024,4,68,4,1,4,3,2,3,0,1,1,4,3,1,1,1,9,9,9,0,0,9,4,42,422,0,16,1,187806,662669
2024005474,1,1,2,534,321,,9999,,,,,,11,2024,2,53,4,1,7,2,1,3,0,1,1,0,3,1,1,1,9,9,9,3,2,1,3,31,311,99,27,2,206454,735764
2024005481,1,1,4,0,,,,,4311,0,32,,52,2024,1,68,4,1,1,1,5,3,0,3,1,4,3,1,2,2,1,5,9,0,0,9,4,44,442,99,99,1,176902,650488
2024005483,1,1,1,8300,301,201,,8040007,,,,,52,2024,1,68,4,1,4,3,1,3,0,1,1,3,3,1,1,1,9,9,9,3,4,1,4,44,442,0,13,1,181215,652380
2024005493,1,1,4,0,,,,,,,,,34,2024,7,74,4,1,3,1,10,2,0,5,1,2,3,1,1,1,9,9,9,0,0,9,9,99,999,99,99,9,,
2024005525,1,1,1,5000,710,537,,80150496,,,,,20,2024,10,76,4,5,1,3,2,3,0,1,1,2,3,6,1,1,9,9,9,0,0,9,5,51,511,0,13,1,179199,665562
2024005535,1,1,2,4000,512,,147,,,,,,11,2024,1,54,4,1,2,2,1,0,3,1,1,5,3,1,1,1,9,9,9,3,3,1,3,31,311,0,13,1,198304,747804
2024005547,1,1,3,0,,,,,411,0,108,3685,52,2024,4,60,2,1,2,2,2,0,3,4,1,5,3,1,1,1,9,9,9,0,0,9,4,44,441,99,99,1,182679,640790
2024005564,1,1,3,0,,,,,4,0,2205,433,12,2024,8,63,4,1,2,3,2,0,2,3,1,4,5,1,1,1,9,9,9,0,0,9,3,31,311,99,99,1,208204,748966
2024005604,1,1,4,0,,,,,6,0,1016,,52,2024,4,55,4,1,3,2,3,0,2,6,1,2,3,1,1,1,9,9,9,0,0,9,4,44,441,99,99,1,184251,634797
2024005614,1,1,1,5000,185,248,,24170112,,,,,20,2024,10,65,4,1,2,2,4,1,0,1,1,3,3,1,1,1,9,9,9,0,0,9,5,51,511,0,13,1,180497,670053
2024005617,1,1,4,0,,,,,386,0,1,,61,2024,7,50,4,1,6,2,11,9,0,0,0,0,5,11,9,9,9,9,9,0,0,9,1,11,111,99,99,1,208866,625652
2024005627,1,1,4,0,,,,,444,0,104,,51,2024,5,23,4,5,6,1,17,0,3,4,1,2,3,6,1,1,9,9,9,0,0,9,4,43,432,99,99,1,195754,658073
2024005643,1,1,2,70,146,,4,,,,,,38,2024,5,41,4,1,1,2,1,3,0,1,1,3,5,1,1,1,9,9,9,3,3,1,6,61,613,0,13,1,167393,635250
2024005652,1,1,2,6600,406,,30,,,,,,20,2024,10,44,4,1,5,3,1,3,0,1,1,3,1,1,1,1,9,9,9,2,3,1,5,51,513,0,14,1,179512,659089
2024005659,1,1,4,0,,,,,672,0,427,,11,2024,2,30,4,1,1,3,5,3,0,4,1,3,3,1,2,2,9,9,9,0,0,9,3,31,311,99,99,1,202726,740101
2024005662,1,1,4,0,,,,,6,0,1870,,12,2024,4,21,4,5,2,3,3,0,5,7,1,4,3,3,1,1,9,9,9,0,0,9,3,32,324,99,99,1,202737,711341
2024005680,1,1,4,0,,,,,3866,0,0,,61,2024,11,64,4,1,7,3,5,2,0,3,1,2,3,1,1,1,9,9,9,0,0,9,1,11,111,99,99,3,203245,628370
2024005684,1,1,3,0,,,,,57,6,142,4197,51,2024,2,58,4,1,6,2,5,0,3,4,1,3,5,1,1,1,9,9,9,0,0,9,4,41,412,99,99,1,201398,691126
2024005715,1,1,2,4000,816,,47,,,,,,11,2024,7,45,4,1,3,3,1,0,3,1,1,3,3,1,1,1,9,9,9,3,3,1,3,31,311,0,13,1,199553,745711
2024005722,1,1,3,0,,,,,89,8833,72,1439,12,2024,3,64,4,1,3,3,2,0,3,5,1,3,3,1,9,2,9,9,9,0,0,9,2,24,245,99,99,1,216335,768965
2024005734,1,2,4,0,,,,,5,0,333,,41,2024,10,13,4,5,7,2,15,0,3,6,1,3,3,3,9,1,9,9,9,0,0,9,7,77,777,99,99,1,212498,668052
2024005749,1,1,2,494,107,,9999,,,,,,11,2024,9,26,4,5,4,3,2,3,0,1,1,2,2,6,1,1,9,9,9,0,0,9,3,31,311,99,27,3,204792,733912
2024005755,1,1,1,7900,491,454,,99970530,,,,,51,2024,8,59,4,1,6,3,2,3,0,1,1,3,3,1,1,1,9,9,9,0,0,9,4,42,422,0,13,1,192439,664780
2024005758,1,1,2,7400,993,,9999,,,,,,51,2024,12,61,4,1,3,3,1,9,0,0,0,0,5,11,9,9,9,9,9,1,3,9,4,41,411,0,13,3,186410,687687
2024005764,1,1,2,4000,191,,168,,,,,,11,2024,7,55,4,1,3,3,2,1,0,1,1,3,3,1,1,1,9,9,9,0,0,9,3,31,311,0,13,1,202456,744399
2024005765,1,1,1,3000,1346,1452,,26910842,,,,,61,2024,9,93,4,5,4,2,2,0,3,1,1,2,3,3,1,1,9,9,9,0,0,9,1,11,111,0,12,1,217671,628452
2024005773,1,1,2,7600,221,,9999,,,,,,12,2024,2,83,4,5,4,2,2,9,0,0,0,0,5,6,9,9,9,9,9,0,0,9,2,24,246,0,15,3,208031,758479
2024005776,1,1,2,9600,161,,76,,,,,,12,2024,3,7,4,5,5,2,1,0,5,1,1,3,3,6,1,1,9,9,9,3,4,2,3,31,311,0,16,1,207500,750548
2024005795,1,1,2,3000,429,,9999,,,,,,61,2024,7,7,4,5,7,2,3,3,0,1,1,4,3,3,1,1,9,9,9,0,0,9,1,11,111,0,12,3,220532,631843
2024005820,1,1,3,0,,,,,65,0,519,3491,14,2024,9,54,4,1,2,3,2,3,0,4,1,0,3,1,1,1,9,9,9,0,0,9,2,23,233,99,99,1,233342,727749
2024005829,1,1,2,5000,1620,,210,,,,,,20,2024,1,28,4,5,2,3,17,1,0,1,0,3,3,6,1,1,9,9,9,0,0,9,5,51,511,0,13,1,176656,660038
2024005830,1,1,2,5000,914,,9999,,,,,,20,2024,9,33,4,1,1,2,15,9,0,0,0,0,5,11,9,9,9,9,9,0,0,9,5,51,511,0,13,3,180245,666484
2024005835,1,1,1,8400,585,593,,17890337,,,,,52,2024,11,6,4,5,1,2,2,9,0,0,0,0,5,6,9,9,9,9,9,0,0,9,4,44,441,0,14,1,184167,644322
2024005899,1,1,1,3000,4752,4753,,24410661,,,,,61,2024,5,70,4,1,3,3,1,1,0,7,1,2,5,2,9,5,9,9,9,1,1,1,1,11,111,0,12,1,222802,636986
